✅ Gainer data collected at 20250325_1906
✅ Gainer data collected at 20250325_1917
✅ Gainer data collected at 20250325_1925
✅ Gainer data collected at 20250325_2001
✅ Gainer data collected at 20250401_1617
✅ Gainer data collected at 20250401_1620
✅ Gainer data collected at 20250401_1621
✅ Gainer data collected at 20250401_1630
✅ Gainer data collected at 20250414_2358
✅ Gainer data collected at 20250414_2359
✅ Gainer data collected at 20250415_0001
🧠 Using Python: /home/ubuntu/SP25_DS5111_cbv6gd/env/bin/python
Package Version
------- -------
pip     24.0
✅ Gainer data collected at 20250415_0002
🧠 Using Python: /home/ubuntu/SP25_DS5111_cbv6gd/env/bin/python
Package Version
------- -------
pip     24.0
✅ Gainer data collected at 20250415_0004
🧠 Using Python: /home/ubuntu/SP25_DS5111_cbv6gd/env/bin/python
Package Version
------- -------
pip     24.0
✅ Gainer data collected at 20250415_0004
🧠 Using Python: /home/ubuntu/SP25_DS5111_cbv6gd/env/bin/python
Package                    Version
-------------------------- -----------
agate                      1.7.0
annotated-types            0.7.0
asn1crypto                 1.5.1
attrs                      25.3.0
babel                      2.17.0
backports.tarfile          1.2.0
bcc                        0.1.10
beautifulsoup4             4.13.3
certifi                    2025.1.31
cffi                       1.17.1
charset-normalizer         3.4.1
click                      8.1.8
colorama                   0.4.6
cryptography               44.0.2
daff                       1.3.46
dbt-adapters               1.14.4
dbt-common                 1.17.0
dbt-core                   1.5.2
dbt-extractor              0.4.1
dbt-semantic-interfaces    0.7.4
dbt-snowflake              1.5.2
deepdiff                   7.0.1
filelock                   3.18.0
future                     1.0.0
h11                        0.14.0
hologram                   0.0.16
idna                       3.10
importlib-metadata         6.11.0
isodate                    0.6.1
jaraco.classes             3.4.0
jaraco.context             6.0.1
jaraco.functools           4.1.0
jeepney                    0.9.0
Jinja2                     3.1.2
jsonschema                 4.23.0
jsonschema-specifications  2024.10.1
keyring                    25.6.0
leather                    0.4.0
Logbook                    1.5.3
lxml                       5.3.2
MarkupSafe                 3.0.2
mashumaro                  3.6
minimal-snowplow-tracker   0.0.2
more-itertools             10.6.0
msgpack                    1.1.0
networkx                   2.8.8
numpy                      2.2.4
ordered-set                4.1.0
outcome                    1.3.0.post0
packaging                  24.2
parsedatetime              2.4
pathspec                   0.11.2
pip                        25.0.1
platformdirs               4.3.7
protobuf                   5.29.4
pycparser                  2.22
pydantic                   2.11.1
pydantic_core              2.33.0
PyJWT                      2.10.1
pyOpenSSL                  25.0.0
PySocks                    1.7.1
python-dateutil            2.8.2
python-slugify             8.0.4
pytimeparse                1.1.8
pytz                       2025.2
PyYAML                     6.0.2
referencing                0.36.2
requests                   2.32.3
rpds-py                    0.24.0
SecretStorage              3.3.3
selenium                   4.30.0
setuptools                 65.5.0
six                        1.17.0
sniffio                    1.3.1
snowflake-connector-python 3.14.0
snowplow-tracker           1.1.0
sortedcontainers           2.4.0
soupsieve                  2.6
sqlparse                   0.4.3
text-unidecode             1.3
tomlkit                    0.13.2
traitlets                  5.14.3
traittypes                 0.2.1
trio                       0.29.0
trio-websocket             0.12.2
typing_extensions          4.12.2
typing-inspection          0.4.0
urllib3                    2.3.0
websocket-client           1.8.0
Werkzeug                   2.3.8
wsproto                    1.2.0
zipp                       3.21.0
📈 Running Yahoo gainer scrape...
📡 Downloading Yahoo gainers data from: https://finance.yahoo.com/gainers
✅ Saved Yahoo data to /home/ubuntu/SP25_DS5111_cbv6gd/data/ygainers_raw_20250415_0007.csv
📁 Saved Yahoo normalized data to /home/ubuntu/SP25_DS5111_cbv6gd/data/ygainers_norm_yahoo_20250415_000750.csv
📰 Running WSJ gainer scrape...
Downloading WSJ gainers data using Selenium...
✅ Saved WSJ data to /home/ubuntu/SP25_DS5111_cbv6gd/data/wsgainers_raw_20250415_0007.csv
📄 Saved WSJ normalized data to /home/ubuntu/SP25_DS5111_cbv6gd/data/wsgainers_norm_wsj_20250415_000806.csv
✅ Gainer data collected at 20250415_0007
🧠 Using Python: /home/ubuntu/SP25_DS5111_cbv6gd/env/bin/python
Package                    Version
-------------------------- -----------
agate                      1.7.0
annotated-types            0.7.0
asn1crypto                 1.5.1
attrs                      25.3.0
babel                      2.17.0
backports.tarfile          1.2.0
bcc                        0.1.10
beautifulsoup4             4.13.3
certifi                    2025.1.31
cffi                       1.17.1
charset-normalizer         3.4.1
click                      8.1.8
colorama                   0.4.6
cryptography               44.0.2
daff                       1.3.46
dbt-adapters               1.14.4
dbt-common                 1.17.0
dbt-core                   1.5.2
dbt-extractor              0.4.1
dbt-semantic-interfaces    0.7.4
dbt-snowflake              1.5.2
deepdiff                   7.0.1
filelock                   3.18.0
future                     1.0.0
h11                        0.14.0
hologram                   0.0.16
idna                       3.10
importlib-metadata         6.11.0
isodate                    0.6.1
jaraco.classes             3.4.0
jaraco.context             6.0.1
jaraco.functools           4.1.0
jeepney                    0.9.0
Jinja2                     3.1.2
jsonschema                 4.23.0
jsonschema-specifications  2024.10.1
keyring                    25.6.0
leather                    0.4.0
Logbook                    1.5.3
lxml                       5.3.2
MarkupSafe                 3.0.2
mashumaro                  3.6
minimal-snowplow-tracker   0.0.2
more-itertools             10.6.0
msgpack                    1.1.0
networkx                   2.8.8
numpy                      2.2.4
ordered-set                4.1.0
outcome                    1.3.0.post0
packaging                  24.2
parsedatetime              2.4
pathspec                   0.11.2
pip                        25.0.1
platformdirs               4.3.7
protobuf                   5.29.4
pycparser                  2.22
pydantic                   2.11.1
pydantic_core              2.33.0
PyJWT                      2.10.1
pyOpenSSL                  25.0.0
PySocks                    1.7.1
python-dateutil            2.8.2
python-slugify             8.0.4
pytimeparse                1.1.8
pytz                       2025.2
PyYAML                     6.0.2
referencing                0.36.2
requests                   2.32.3
rpds-py                    0.24.0
SecretStorage              3.3.3
selenium                   4.30.0
setuptools                 65.5.0
six                        1.17.0
sniffio                    1.3.1
snowflake-connector-python 3.14.0
snowplow-tracker           1.1.0
sortedcontainers           2.4.0
soupsieve                  2.6
sqlparse                   0.4.3
text-unidecode             1.3
tomlkit                    0.13.2
traitlets                  5.14.3
traittypes                 0.2.1
trio                       0.29.0
trio-websocket             0.12.2
typing_extensions          4.12.2
typing-inspection          0.4.0
urllib3                    2.3.0
websocket-client           1.8.0
Werkzeug                   2.3.8
wsproto                    1.2.0
zipp                       3.21.0
📈 Running Yahoo gainer scrape...
📡 Downloading Yahoo gainers data from: https://finance.yahoo.com/gainers
✅ Saved Yahoo data to /home/ubuntu/SP25_DS5111_cbv6gd/data/ygainers_raw_20250415_0200.csv
📁 Saved Yahoo normalized data to /home/ubuntu/SP25_DS5111_cbv6gd/data/ygainers_norm_yahoo_20250415_020003.csv
📰 Running WSJ gainer scrape...
Downloading WSJ gainers data using Selenium...
✅ Saved WSJ data to /home/ubuntu/SP25_DS5111_cbv6gd/data/wsgainers_raw_20250415_0200.csv
📄 Saved WSJ normalized data to /home/ubuntu/SP25_DS5111_cbv6gd/data/wsgainers_norm_wsj_20250415_020019.csv
✅ Gainer data collected at 20250415_0200
🧠 Using Python: /home/ubuntu/SP25_DS5111_cbv6gd/env/bin/python
Package                    Version
-------------------------- -----------
agate                      1.7.0
annotated-types            0.7.0
asn1crypto                 1.5.1
attrs                      25.3.0
babel                      2.17.0
backports.tarfile          1.2.0
bcc                        0.1.10
beautifulsoup4             4.13.3
certifi                    2025.1.31
cffi                       1.17.1
charset-normalizer         3.4.1
click                      8.1.8
colorama                   0.4.6
cryptography               44.0.2
daff                       1.3.46
dbt-adapters               1.14.4
dbt-common                 1.17.0
dbt-core                   1.5.2
dbt-extractor              0.4.1
dbt-semantic-interfaces    0.7.4
dbt-snowflake              1.5.2
deepdiff                   7.0.1
filelock                   3.18.0
future                     1.0.0
h11                        0.14.0
hologram                   0.0.16
idna                       3.10
importlib-metadata         6.11.0
isodate                    0.6.1
jaraco.classes             3.4.0
jaraco.context             6.0.1
jaraco.functools           4.1.0
jeepney                    0.9.0
Jinja2                     3.1.2
jsonschema                 4.23.0
jsonschema-specifications  2024.10.1
keyring                    25.6.0
leather                    0.4.0
Logbook                    1.5.3
lxml                       5.3.2
MarkupSafe                 3.0.2
mashumaro                  3.6
minimal-snowplow-tracker   0.0.2
more-itertools             10.6.0
msgpack                    1.1.0
networkx                   2.8.8
numpy                      2.2.4
ordered-set                4.1.0
outcome                    1.3.0.post0
packaging                  24.2
parsedatetime              2.4
pathspec                   0.11.2
pip                        25.0.1
platformdirs               4.3.7
protobuf                   5.29.4
pycparser                  2.22
pydantic                   2.11.1
pydantic_core              2.33.0
PyJWT                      2.10.1
pyOpenSSL                  25.0.0
PySocks                    1.7.1
python-dateutil            2.8.2
python-slugify             8.0.4
pytimeparse                1.1.8
pytz                       2025.2
PyYAML                     6.0.2
referencing                0.36.2
requests                   2.32.3
rpds-py                    0.24.0
SecretStorage              3.3.3
selenium                   4.30.0
setuptools                 65.5.0
six                        1.17.0
sniffio                    1.3.1
snowflake-connector-python 3.14.0
snowplow-tracker           1.1.0
sortedcontainers           2.4.0
soupsieve                  2.6
sqlparse                   0.4.3
text-unidecode             1.3
tomlkit                    0.13.2
traitlets                  5.14.3
traittypes                 0.2.1
trio                       0.29.0
trio-websocket             0.12.2
typing_extensions          4.12.2
typing-inspection          0.4.0
urllib3                    2.3.0
websocket-client           1.8.0
Werkzeug                   2.3.8
wsproto                    1.2.0
zipp                       3.21.0
📈 Running Yahoo gainer scrape...
📡 Downloading Yahoo gainers data from: https://finance.yahoo.com/gainers
✅ Saved Yahoo data to /home/ubuntu/SP25_DS5111_cbv6gd/data/ygainers_raw_20250415_0400.csv
📁 Saved Yahoo normalized data to /home/ubuntu/SP25_DS5111_cbv6gd/data/ygainers_norm_yahoo_20250415_040003.csv
📰 Running WSJ gainer scrape...
Downloading WSJ gainers data using Selenium...
✅ Saved WSJ data to /home/ubuntu/SP25_DS5111_cbv6gd/data/wsgainers_raw_20250415_0400.csv
📄 Saved WSJ normalized data to /home/ubuntu/SP25_DS5111_cbv6gd/data/wsgainers_norm_wsj_20250415_040020.csv
✅ Gainer data collected at 20250415_0400
🧠 Using Python: /home/ubuntu/SP25_DS5111_cbv6gd/env/bin/python
Package                    Version
-------------------------- -----------
agate                      1.7.0
annotated-types            0.7.0
asn1crypto                 1.5.1
attrs                      25.3.0
babel                      2.17.0
backports.tarfile          1.2.0
bcc                        0.1.10
beautifulsoup4             4.13.3
certifi                    2025.1.31
cffi                       1.17.1
charset-normalizer         3.4.1
click                      8.1.8
colorama                   0.4.6
cryptography               44.0.2
daff                       1.3.46
dbt-adapters               1.14.4
dbt-common                 1.17.0
dbt-core                   1.5.2
dbt-extractor              0.4.1
dbt-semantic-interfaces    0.7.4
dbt-snowflake              1.5.2
deepdiff                   7.0.1
filelock                   3.18.0
future                     1.0.0
h11                        0.14.0
hologram                   0.0.16
idna                       3.10
importlib-metadata         6.11.0
isodate                    0.6.1
jaraco.classes             3.4.0
jaraco.context             6.0.1
jaraco.functools           4.1.0
jeepney                    0.9.0
Jinja2                     3.1.2
jsonschema                 4.23.0
jsonschema-specifications  2024.10.1
keyring                    25.6.0
leather                    0.4.0
Logbook                    1.5.3
lxml                       5.3.2
MarkupSafe                 3.0.2
mashumaro                  3.6
minimal-snowplow-tracker   0.0.2
more-itertools             10.6.0
msgpack                    1.1.0
networkx                   2.8.8
numpy                      2.2.4
ordered-set                4.1.0
outcome                    1.3.0.post0
packaging                  24.2
parsedatetime              2.4
pathspec                   0.11.2
pip                        25.0.1
platformdirs               4.3.7
protobuf                   5.29.4
pycparser                  2.22
pydantic                   2.11.1
pydantic_core              2.33.0
PyJWT                      2.10.1
pyOpenSSL                  25.0.0
PySocks                    1.7.1
python-dateutil            2.8.2
python-slugify             8.0.4
pytimeparse                1.1.8
pytz                       2025.2
PyYAML                     6.0.2
referencing                0.36.2
requests                   2.32.3
rpds-py                    0.24.0
SecretStorage              3.3.3
selenium                   4.30.0
setuptools                 65.5.0
six                        1.17.0
sniffio                    1.3.1
snowflake-connector-python 3.14.0
snowplow-tracker           1.1.0
sortedcontainers           2.4.0
soupsieve                  2.6
sqlparse                   0.4.3
text-unidecode             1.3
tomlkit                    0.13.2
traitlets                  5.14.3
traittypes                 0.2.1
trio                       0.29.0
trio-websocket             0.12.2
typing_extensions          4.12.2
typing-inspection          0.4.0
urllib3                    2.3.0
websocket-client           1.8.0
Werkzeug                   2.3.8
wsproto                    1.2.0
zipp                       3.21.0
📈 Running Yahoo gainer scrape...
📡 Downloading Yahoo gainers data from: https://finance.yahoo.com/gainers
✅ Saved Yahoo data to /home/ubuntu/SP25_DS5111_cbv6gd/data/ygainers_raw_20250415_0600.csv
📁 Saved Yahoo normalized data to /home/ubuntu/SP25_DS5111_cbv6gd/data/ygainers_norm_yahoo_20250415_060003.csv
📰 Running WSJ gainer scrape...
Downloading WSJ gainers data using Selenium...
✅ Saved WSJ data to /home/ubuntu/SP25_DS5111_cbv6gd/data/wsgainers_raw_20250415_0600.csv
📄 Saved WSJ normalized data to /home/ubuntu/SP25_DS5111_cbv6gd/data/wsgainers_norm_wsj_20250415_060019.csv
✅ Gainer data collected at 20250415_0600
🧠 Using Python: /home/ubuntu/SP25_DS5111_cbv6gd/env/bin/python
Package                    Version
-------------------------- -----------
agate                      1.7.0
annotated-types            0.7.0
asn1crypto                 1.5.1
attrs                      25.3.0
babel                      2.17.0
backports.tarfile          1.2.0
bcc                        0.1.10
beautifulsoup4             4.13.3
certifi                    2025.1.31
cffi                       1.17.1
charset-normalizer         3.4.1
click                      8.1.8
colorama                   0.4.6
cryptography               44.0.2
daff                       1.3.46
dbt-adapters               1.14.4
dbt-common                 1.17.0
dbt-core                   1.5.2
dbt-extractor              0.4.1
dbt-semantic-interfaces    0.7.4
dbt-snowflake              1.5.2
deepdiff                   7.0.1
filelock                   3.18.0
future                     1.0.0
h11                        0.14.0
hologram                   0.0.16
idna                       3.10
importlib-metadata         6.11.0
isodate                    0.6.1
jaraco.classes             3.4.0
jaraco.context             6.0.1
jaraco.functools           4.1.0
jeepney                    0.9.0
Jinja2                     3.1.2
jsonschema                 4.23.0
jsonschema-specifications  2024.10.1
keyring                    25.6.0
leather                    0.4.0
Logbook                    1.5.3
lxml                       5.3.2
MarkupSafe                 3.0.2
mashumaro                  3.6
minimal-snowplow-tracker   0.0.2
more-itertools             10.6.0
msgpack                    1.1.0
networkx                   2.8.8
numpy                      2.2.4
ordered-set                4.1.0
outcome                    1.3.0.post0
packaging                  24.2
parsedatetime              2.4
pathspec                   0.11.2
pip                        25.0.1
platformdirs               4.3.7
protobuf                   5.29.4
pycparser                  2.22
pydantic                   2.11.1
pydantic_core              2.33.0
PyJWT                      2.10.1
pyOpenSSL                  25.0.0
PySocks                    1.7.1
python-dateutil            2.8.2
python-slugify             8.0.4
pytimeparse                1.1.8
pytz                       2025.2
PyYAML                     6.0.2
referencing                0.36.2
requests                   2.32.3
rpds-py                    0.24.0
SecretStorage              3.3.3
selenium                   4.30.0
setuptools                 65.5.0
six                        1.17.0
sniffio                    1.3.1
snowflake-connector-python 3.14.0
snowplow-tracker           1.1.0
sortedcontainers           2.4.0
soupsieve                  2.6
sqlparse                   0.4.3
text-unidecode             1.3
tomlkit                    0.13.2
traitlets                  5.14.3
traittypes                 0.2.1
trio                       0.29.0
trio-websocket             0.12.2
typing_extensions          4.12.2
typing-inspection          0.4.0
urllib3                    2.3.0
websocket-client           1.8.0
Werkzeug                   2.3.8
wsproto                    1.2.0
zipp                       3.21.0
📈 Running Yahoo gainer scrape...
📡 Downloading Yahoo gainers data from: https://finance.yahoo.com/gainers
✅ Saved Yahoo data to /home/ubuntu/SP25_DS5111_cbv6gd/data/ygainers_raw_20250415_0800.csv
📁 Saved Yahoo normalized data to /home/ubuntu/SP25_DS5111_cbv6gd/data/ygainers_norm_yahoo_20250415_080003.csv
📰 Running WSJ gainer scrape...
Downloading WSJ gainers data using Selenium...
✅ Saved WSJ data to /home/ubuntu/SP25_DS5111_cbv6gd/data/wsgainers_raw_20250415_0800.csv
📄 Saved WSJ normalized data to /home/ubuntu/SP25_DS5111_cbv6gd/data/wsgainers_norm_wsj_20250415_080018.csv
✅ Gainer data collected at 20250415_0800
🧠 Using Python: /home/ubuntu/SP25_DS5111_cbv6gd/env/bin/python
Package                    Version
-------------------------- -----------
agate                      1.7.0
annotated-types            0.7.0
asn1crypto                 1.5.1
attrs                      25.3.0
babel                      2.17.0
backports.tarfile          1.2.0
bcc                        0.1.10
beautifulsoup4             4.13.3
certifi                    2025.1.31
cffi                       1.17.1
charset-normalizer         3.4.1
click                      8.1.8
colorama                   0.4.6
cryptography               44.0.2
daff                       1.3.46
dbt-adapters               1.14.4
dbt-common                 1.17.0
dbt-core                   1.5.2
dbt-extractor              0.4.1
dbt-semantic-interfaces    0.7.4
dbt-snowflake              1.5.2
deepdiff                   7.0.1
filelock                   3.18.0
future                     1.0.0
h11                        0.14.0
hologram                   0.0.16
idna                       3.10
importlib-metadata         6.11.0
isodate                    0.6.1
jaraco.classes             3.4.0
jaraco.context             6.0.1
jaraco.functools           4.1.0
jeepney                    0.9.0
Jinja2                     3.1.2
jsonschema                 4.23.0
jsonschema-specifications  2024.10.1
keyring                    25.6.0
leather                    0.4.0
Logbook                    1.5.3
lxml                       5.3.2
MarkupSafe                 3.0.2
mashumaro                  3.6
minimal-snowplow-tracker   0.0.2
more-itertools             10.6.0
msgpack                    1.1.0
networkx                   2.8.8
numpy                      2.2.4
ordered-set                4.1.0
outcome                    1.3.0.post0
packaging                  24.2
parsedatetime              2.4
pathspec                   0.11.2
pip                        25.0.1
platformdirs               4.3.7
protobuf                   5.29.4
pycparser                  2.22
pydantic                   2.11.1
pydantic_core              2.33.0
PyJWT                      2.10.1
pyOpenSSL                  25.0.0
PySocks                    1.7.1
python-dateutil            2.8.2
python-slugify             8.0.4
pytimeparse                1.1.8
pytz                       2025.2
PyYAML                     6.0.2
referencing                0.36.2
requests                   2.32.3
rpds-py                    0.24.0
SecretStorage              3.3.3
selenium                   4.30.0
setuptools                 65.5.0
six                        1.17.0
sniffio                    1.3.1
snowflake-connector-python 3.14.0
snowplow-tracker           1.1.0
sortedcontainers           2.4.0
soupsieve                  2.6
sqlparse                   0.4.3
text-unidecode             1.3
tomlkit                    0.13.2
traitlets                  5.14.3
traittypes                 0.2.1
trio                       0.29.0
trio-websocket             0.12.2
typing_extensions          4.12.2
typing-inspection          0.4.0
urllib3                    2.3.0
websocket-client           1.8.0
Werkzeug                   2.3.8
wsproto                    1.2.0
zipp                       3.21.0
📈 Running Yahoo gainer scrape...
📡 Downloading Yahoo gainers data from: https://finance.yahoo.com/gainers
✅ Saved Yahoo data to /home/ubuntu/SP25_DS5111_cbv6gd/data/ygainers_raw_20250415_1000.csv
📁 Saved Yahoo normalized data to /home/ubuntu/SP25_DS5111_cbv6gd/data/ygainers_norm_yahoo_20250415_100003.csv
📰 Running WSJ gainer scrape...
Downloading WSJ gainers data using Selenium...
✅ Saved WSJ data to /home/ubuntu/SP25_DS5111_cbv6gd/data/wsgainers_raw_20250415_1000.csv
📄 Saved WSJ normalized data to /home/ubuntu/SP25_DS5111_cbv6gd/data/wsgainers_norm_wsj_20250415_100019.csv
✅ Gainer data collected at 20250415_1000
🧠 Using Python: /home/ubuntu/SP25_DS5111_cbv6gd/env/bin/python
Package                    Version
-------------------------- -----------
agate                      1.7.0
annotated-types            0.7.0
asn1crypto                 1.5.1
attrs                      25.3.0
babel                      2.17.0
backports.tarfile          1.2.0
bcc                        0.1.10
beautifulsoup4             4.13.3
certifi                    2025.1.31
cffi                       1.17.1
charset-normalizer         3.4.1
click                      8.1.8
colorama                   0.4.6
cryptography               44.0.2
daff                       1.3.46
dbt-adapters               1.14.4
dbt-common                 1.17.0
dbt-core                   1.5.2
dbt-extractor              0.4.1
dbt-semantic-interfaces    0.7.4
dbt-snowflake              1.5.2
deepdiff                   7.0.1
filelock                   3.18.0
future                     1.0.0
h11                        0.14.0
hologram                   0.0.16
idna                       3.10
importlib-metadata         6.11.0
isodate                    0.6.1
jaraco.classes             3.4.0
jaraco.context             6.0.1
jaraco.functools           4.1.0
jeepney                    0.9.0
Jinja2                     3.1.2
jsonschema                 4.23.0
jsonschema-specifications  2024.10.1
keyring                    25.6.0
leather                    0.4.0
Logbook                    1.5.3
lxml                       5.3.2
MarkupSafe                 3.0.2
mashumaro                  3.6
minimal-snowplow-tracker   0.0.2
more-itertools             10.6.0
msgpack                    1.1.0
networkx                   2.8.8
numpy                      2.2.4
ordered-set                4.1.0
outcome                    1.3.0.post0
packaging                  24.2
parsedatetime              2.4
pathspec                   0.11.2
pip                        25.0.1
platformdirs               4.3.7
protobuf                   5.29.4
pycparser                  2.22
pydantic                   2.11.1
pydantic_core              2.33.0
PyJWT                      2.10.1
pyOpenSSL                  25.0.0
PySocks                    1.7.1
python-dateutil            2.8.2
python-slugify             8.0.4
pytimeparse                1.1.8
pytz                       2025.2
PyYAML                     6.0.2
referencing                0.36.2
requests                   2.32.3
rpds-py                    0.24.0
SecretStorage              3.3.3
selenium                   4.30.0
setuptools                 65.5.0
six                        1.17.0
sniffio                    1.3.1
snowflake-connector-python 3.14.0
snowplow-tracker           1.1.0
sortedcontainers           2.4.0
soupsieve                  2.6
sqlparse                   0.4.3
text-unidecode             1.3
tomlkit                    0.13.2
traitlets                  5.14.3
traittypes                 0.2.1
trio                       0.29.0
trio-websocket             0.12.2
typing_extensions          4.12.2
typing-inspection          0.4.0
urllib3                    2.3.0
websocket-client           1.8.0
Werkzeug                   2.3.8
wsproto                    1.2.0
zipp                       3.21.0
📈 Running Yahoo gainer scrape...
📡 Downloading Yahoo gainers data from: https://finance.yahoo.com/gainers
✅ Saved Yahoo data to /home/ubuntu/SP25_DS5111_cbv6gd/data/ygainers_raw_20250415_1200.csv
📁 Saved Yahoo normalized data to /home/ubuntu/SP25_DS5111_cbv6gd/data/ygainers_norm_yahoo_20250415_120003.csv
📰 Running WSJ gainer scrape...
Downloading WSJ gainers data using Selenium...
✅ Saved WSJ data to /home/ubuntu/SP25_DS5111_cbv6gd/data/wsgainers_raw_20250415_1200.csv
📄 Saved WSJ normalized data to /home/ubuntu/SP25_DS5111_cbv6gd/data/wsgainers_norm_wsj_20250415_120019.csv
✅ Gainer data collected at 20250415_1200
🧠 Using Python: /home/ubuntu/SP25_DS5111_cbv6gd/env/bin/python
Package                    Version
-------------------------- -----------
agate                      1.7.0
annotated-types            0.7.0
asn1crypto                 1.5.1
attrs                      25.3.0
babel                      2.17.0
backports.tarfile          1.2.0
bcc                        0.1.10
beautifulsoup4             4.13.3
certifi                    2025.1.31
cffi                       1.17.1
charset-normalizer         3.4.1
click                      8.1.8
colorama                   0.4.6
cryptography               44.0.2
daff                       1.3.46
dbt-adapters               1.14.4
dbt-common                 1.17.0
dbt-core                   1.5.2
dbt-extractor              0.4.1
dbt-semantic-interfaces    0.7.4
dbt-snowflake              1.5.2
deepdiff                   7.0.1
filelock                   3.18.0
future                     1.0.0
h11                        0.14.0
hologram                   0.0.16
idna                       3.10
importlib-metadata         6.11.0
isodate                    0.6.1
jaraco.classes             3.4.0
jaraco.context             6.0.1
jaraco.functools           4.1.0
jeepney                    0.9.0
Jinja2                     3.1.2
jsonschema                 4.23.0
jsonschema-specifications  2024.10.1
keyring                    25.6.0
leather                    0.4.0
Logbook                    1.5.3
lxml                       5.3.2
MarkupSafe                 3.0.2
mashumaro                  3.6
minimal-snowplow-tracker   0.0.2
more-itertools             10.6.0
msgpack                    1.1.0
networkx                   2.8.8
numpy                      2.2.4
ordered-set                4.1.0
outcome                    1.3.0.post0
packaging                  24.2
parsedatetime              2.4
pathspec                   0.11.2
pip                        25.0.1
platformdirs               4.3.7
protobuf                   5.29.4
pycparser                  2.22
pydantic                   2.11.1
pydantic_core              2.33.0
PyJWT                      2.10.1
pyOpenSSL                  25.0.0
PySocks                    1.7.1
python-dateutil            2.8.2
python-slugify             8.0.4
pytimeparse                1.1.8
pytz                       2025.2
PyYAML                     6.0.2
referencing                0.36.2
requests                   2.32.3
rpds-py                    0.24.0
SecretStorage              3.3.3
selenium                   4.30.0
setuptools                 65.5.0
six                        1.17.0
sniffio                    1.3.1
snowflake-connector-python 3.14.0
snowplow-tracker           1.1.0
sortedcontainers           2.4.0
soupsieve                  2.6
sqlparse                   0.4.3
text-unidecode             1.3
tomlkit                    0.13.2
traitlets                  5.14.3
traittypes                 0.2.1
trio                       0.29.0
trio-websocket             0.12.2
typing_extensions          4.12.2
typing-inspection          0.4.0
urllib3                    2.3.0
websocket-client           1.8.0
Werkzeug                   2.3.8
wsproto                    1.2.0
zipp                       3.21.0
📈 Running Yahoo gainer scrape...
📡 Downloading Yahoo gainers data from: https://finance.yahoo.com/gainers
✅ Saved Yahoo data to /home/ubuntu/SP25_DS5111_cbv6gd/data/ygainers_raw_20250415_1400.csv
📁 Saved Yahoo normalized data to /home/ubuntu/SP25_DS5111_cbv6gd/data/ygainers_norm_yahoo_20250415_140003.csv
📰 Running WSJ gainer scrape...
Downloading WSJ gainers data using Selenium...
✅ Saved WSJ data to /home/ubuntu/SP25_DS5111_cbv6gd/data/wsgainers_raw_20250415_1400.csv
📄 Saved WSJ normalized data to /home/ubuntu/SP25_DS5111_cbv6gd/data/wsgainers_norm_wsj_20250415_140020.csv
✅ Gainer data collected at 20250415_1400
🧠 Using Python: /home/ubuntu/SP25_DS5111_cbv6gd/env/bin/python
Package                    Version
-------------------------- -----------
agate                      1.7.0
annotated-types            0.7.0
asn1crypto                 1.5.1
attrs                      25.3.0
babel                      2.17.0
backports.tarfile          1.2.0
bcc                        0.1.10
beautifulsoup4             4.13.3
certifi                    2025.1.31
cffi                       1.17.1
charset-normalizer         3.4.1
click                      8.1.8
colorama                   0.4.6
cryptography               44.0.2
daff                       1.3.46
dbt-adapters               1.14.4
dbt-common                 1.17.0
dbt-core                   1.5.2
dbt-extractor              0.4.1
dbt-semantic-interfaces    0.7.4
dbt-snowflake              1.5.2
deepdiff                   7.0.1
filelock                   3.18.0
future                     1.0.0
h11                        0.14.0
hologram                   0.0.16
idna                       3.10
importlib-metadata         6.11.0
isodate                    0.6.1
jaraco.classes             3.4.0
jaraco.context             6.0.1
jaraco.functools           4.1.0
jeepney                    0.9.0
Jinja2                     3.1.2
jsonschema                 4.23.0
jsonschema-specifications  2024.10.1
keyring                    25.6.0
leather                    0.4.0
Logbook                    1.5.3
lxml                       5.3.2
MarkupSafe                 3.0.2
mashumaro                  3.6
minimal-snowplow-tracker   0.0.2
more-itertools             10.6.0
msgpack                    1.1.0
networkx                   2.8.8
numpy                      2.2.4
ordered-set                4.1.0
outcome                    1.3.0.post0
packaging                  24.2
parsedatetime              2.4
pathspec                   0.11.2
pip                        25.0.1
platformdirs               4.3.7
protobuf                   5.29.4
pycparser                  2.22
pydantic                   2.11.1
pydantic_core              2.33.0
PyJWT                      2.10.1
pyOpenSSL                  25.0.0
PySocks                    1.7.1
python-dateutil            2.8.2
python-slugify             8.0.4
pytimeparse                1.1.8
pytz                       2025.2
PyYAML                     6.0.2
referencing                0.36.2
requests                   2.32.3
rpds-py                    0.24.0
SecretStorage              3.3.3
selenium                   4.30.0
setuptools                 65.5.0
six                        1.17.0
sniffio                    1.3.1
snowflake-connector-python 3.14.0
snowplow-tracker           1.1.0
sortedcontainers           2.4.0
soupsieve                  2.6
sqlparse                   0.4.3
text-unidecode             1.3
tomlkit                    0.13.2
traitlets                  5.14.3
traittypes                 0.2.1
trio                       0.29.0
trio-websocket             0.12.2
typing_extensions          4.12.2
typing-inspection          0.4.0
urllib3                    2.3.0
websocket-client           1.8.0
Werkzeug                   2.3.8
wsproto                    1.2.0
zipp                       3.21.0
📈 Running Yahoo gainer scrape...
📡 Downloading Yahoo gainers data from: https://finance.yahoo.com/gainers
✅ Saved Yahoo data to /home/ubuntu/SP25_DS5111_cbv6gd/data/ygainers_raw_20250415_1600.csv
📁 Saved Yahoo normalized data to /home/ubuntu/SP25_DS5111_cbv6gd/data/ygainers_norm_yahoo_20250415_160003.csv
📰 Running WSJ gainer scrape...
Downloading WSJ gainers data using Selenium...
✅ Saved WSJ data to /home/ubuntu/SP25_DS5111_cbv6gd/data/wsgainers_raw_20250415_1600.csv
📄 Saved WSJ normalized data to /home/ubuntu/SP25_DS5111_cbv6gd/data/wsgainers_norm_wsj_20250415_160019.csv
✅ Gainer data collected at 20250415_1600
🧠 Using Python: /home/ubuntu/SP25_DS5111_cbv6gd/env/bin/python
Package                    Version
-------------------------- -----------
agate                      1.7.0
annotated-types            0.7.0
asn1crypto                 1.5.1
attrs                      25.3.0
babel                      2.17.0
backports.tarfile          1.2.0
bcc                        0.1.10
beautifulsoup4             4.13.3
certifi                    2025.1.31
cffi                       1.17.1
charset-normalizer         3.4.1
click                      8.1.8
colorama                   0.4.6
cryptography               44.0.2
daff                       1.3.46
dbt-adapters               1.14.4
dbt-common                 1.17.0
dbt-core                   1.5.2
dbt-extractor              0.4.1
dbt-semantic-interfaces    0.7.4
dbt-snowflake              1.5.2
deepdiff                   7.0.1
filelock                   3.18.0
future                     1.0.0
h11                        0.14.0
hologram                   0.0.16
idna                       3.10
importlib-metadata         6.11.0
isodate                    0.6.1
jaraco.classes             3.4.0
jaraco.context             6.0.1
jaraco.functools           4.1.0
jeepney                    0.9.0
Jinja2                     3.1.2
jsonschema                 4.23.0
jsonschema-specifications  2024.10.1
keyring                    25.6.0
leather                    0.4.0
Logbook                    1.5.3
lxml                       5.3.2
MarkupSafe                 3.0.2
mashumaro                  3.6
minimal-snowplow-tracker   0.0.2
more-itertools             10.6.0
msgpack                    1.1.0
networkx                   2.8.8
numpy                      2.2.4
ordered-set                4.1.0
outcome                    1.3.0.post0
packaging                  24.2
parsedatetime              2.4
pathspec                   0.11.2
pip                        25.0.1
platformdirs               4.3.7
protobuf                   5.29.4
pycparser                  2.22
pydantic                   2.11.1
pydantic_core              2.33.0
PyJWT                      2.10.1
pyOpenSSL                  25.0.0
PySocks                    1.7.1
python-dateutil            2.8.2
python-slugify             8.0.4
pytimeparse                1.1.8
pytz                       2025.2
PyYAML                     6.0.2
referencing                0.36.2
requests                   2.32.3
rpds-py                    0.24.0
SecretStorage              3.3.3
selenium                   4.30.0
setuptools                 65.5.0
six                        1.17.0
sniffio                    1.3.1
snowflake-connector-python 3.14.0
snowplow-tracker           1.1.0
sortedcontainers           2.4.0
soupsieve                  2.6
sqlparse                   0.4.3
text-unidecode             1.3
tomlkit                    0.13.2
traitlets                  5.14.3
traittypes                 0.2.1
trio                       0.29.0
trio-websocket             0.12.2
typing_extensions          4.12.2
typing-inspection          0.4.0
urllib3                    2.3.0
websocket-client           1.8.0
Werkzeug                   2.3.8
wsproto                    1.2.0
zipp                       3.21.0
📈 Running Yahoo gainer scrape...
📡 Downloading Yahoo gainers data from: https://finance.yahoo.com/gainers
✅ Saved Yahoo data to /home/ubuntu/SP25_DS5111_cbv6gd/data/ygainers_raw_20250415_1800.csv
📁 Saved Yahoo normalized data to /home/ubuntu/SP25_DS5111_cbv6gd/data/ygainers_norm_yahoo_20250415_180003.csv
📰 Running WSJ gainer scrape...
Downloading WSJ gainers data using Selenium...
✅ Saved WSJ data to /home/ubuntu/SP25_DS5111_cbv6gd/data/wsgainers_raw_20250415_1800.csv
📄 Saved WSJ normalized data to /home/ubuntu/SP25_DS5111_cbv6gd/data/wsgainers_norm_wsj_20250415_180023.csv
✅ Gainer data collected at 20250415_1800
🧠 Using Python: /home/ubuntu/SP25_DS5111_cbv6gd/env/bin/python
Package                    Version
-------------------------- -----------
agate                      1.7.0
annotated-types            0.7.0
asn1crypto                 1.5.1
attrs                      25.3.0
babel                      2.17.0
backports.tarfile          1.2.0
bcc                        0.1.10
beautifulsoup4             4.13.3
certifi                    2025.1.31
cffi                       1.17.1
charset-normalizer         3.4.1
click                      8.1.8
colorama                   0.4.6
cryptography               44.0.2
daff                       1.3.46
dbt-core                   1.5.2
dbt-extractor              0.4.1
dbt-snowflake              1.5.2
deepdiff                   7.0.1
filelock                   3.18.0
future                     1.0.0
h11                        0.14.0
hologram                   0.0.16
idna                       3.10
importlib-metadata         6.11.0
isodate                    0.6.1
jaraco.classes             3.4.0
jaraco.context             6.0.1
jaraco.functools           4.1.0
jeepney                    0.9.0
Jinja2                     3.1.2
jsonschema                 4.23.0
jsonschema-specifications  2024.10.1
keyring                    25.6.0
leather                    0.4.0
Logbook                    1.5.3
lxml                       5.3.2
MarkupSafe                 3.0.2
mashumaro                  3.6
minimal-snowplow-tracker   0.0.2
more-itertools             10.6.0
msgpack                    1.1.0
networkx                   2.8.8
numpy                      2.2.4
ordered-set                4.1.0
outcome                    1.3.0.post0
packaging                  24.2
parsedatetime              2.4
pathspec                   0.11.2
pip                        25.0.1
platformdirs               4.3.7
protobuf                   5.29.4
pycparser                  2.22
pydantic                   2.11.1
pydantic_core              2.33.0
PyJWT                      2.10.1
pyOpenSSL                  25.0.0
PySocks                    1.7.1
python-dateutil            2.8.2
python-slugify             8.0.4
pytimeparse                1.1.8
pytz                       2025.2
PyYAML                     6.0.2
referencing                0.36.2
requests                   2.32.3
rpds-py                    0.24.0
SecretStorage              3.3.3
selenium                   4.30.0
setuptools                 65.5.0
six                        1.17.0
sniffio                    1.3.1
snowflake-connector-python 3.14.0
snowplow-tracker           1.1.0
sortedcontainers           2.4.0
soupsieve                  2.6
sqlparse                   0.4.3
text-unidecode             1.3
tomlkit                    0.13.2
traitlets                  5.14.3
traittypes                 0.2.1
trio                       0.29.0
trio-websocket             0.12.2
typing_extensions          4.12.2
typing-inspection          0.4.0
urllib3                    2.3.0
websocket-client           1.8.0
Werkzeug                   2.3.8
wsproto                    1.2.0
zipp                       3.21.0
📈 Running Yahoo gainer scrape...
📡 Downloading Yahoo gainers data from: https://finance.yahoo.com/gainers
✅ Saved Yahoo data to /home/ubuntu/SP25_DS5111_cbv6gd/data/ygainers_raw_20250421_2038.csv
📁 Saved Yahoo normalized data to /home/ubuntu/SP25_DS5111_cbv6gd/data/ygainers_norm_yahoo_20250421_203804.csv
📰 Running WSJ gainer scrape...
Downloading WSJ gainers data using Selenium...
✅ Saved WSJ data to /home/ubuntu/SP25_DS5111_cbv6gd/data/wsgainers_raw_20250421_2038.csv
📄 Saved WSJ normalized data to /home/ubuntu/SP25_DS5111_cbv6gd/data/wsgainers_norm_wsj_20250421_203824.csv
✅ Gainer data collected at 20250421_2038
🧠 Using Python: /home/ubuntu/SP25_DS5111_cbv6gd/env/bin/python
Package                    Version
-------------------------- -----------
agate                      1.7.0
annotated-types            0.7.0
asn1crypto                 1.5.1
attrs                      25.3.0
babel                      2.17.0
backports.tarfile          1.2.0
bcc                        0.1.10
beautifulsoup4             4.13.3
certifi                    2025.1.31
cffi                       1.17.1
charset-normalizer         3.4.1
click                      8.1.8
colorama                   0.4.6
cryptography               44.0.2
daff                       1.3.46
dbt-core                   1.5.2
dbt-extractor              0.4.1
dbt-snowflake              1.5.2
deepdiff                   7.0.1
filelock                   3.18.0
future                     1.0.0
h11                        0.14.0
hologram                   0.0.16
idna                       3.10
importlib-metadata         6.11.0
isodate                    0.6.1
jaraco.classes             3.4.0
jaraco.context             6.0.1
jaraco.functools           4.1.0
jeepney                    0.9.0
Jinja2                     3.1.2
jsonschema                 4.23.0
jsonschema-specifications  2024.10.1
keyring                    25.6.0
leather                    0.4.0
Logbook                    1.5.3
lxml                       5.3.2
MarkupSafe                 3.0.2
mashumaro                  3.6
minimal-snowplow-tracker   0.0.2
more-itertools             10.6.0
msgpack                    1.1.0
networkx                   2.8.8
numpy                      2.2.4
ordered-set                4.1.0
outcome                    1.3.0.post0
packaging                  24.2
parsedatetime              2.4
pathspec                   0.11.2
pip                        25.0.1
platformdirs               4.3.7
protobuf                   5.29.4
pycparser                  2.22
pydantic                   2.11.1
pydantic_core              2.33.0
PyJWT                      2.10.1
pyOpenSSL                  25.0.0
PySocks                    1.7.1
python-dateutil            2.8.2
python-slugify             8.0.4
pytimeparse                1.1.8
pytz                       2025.2
PyYAML                     6.0.2
referencing                0.36.2
requests                   2.32.3
rpds-py                    0.24.0
SecretStorage              3.3.3
selenium                   4.30.0
setuptools                 65.5.0
six                        1.17.0
sniffio                    1.3.1
snowflake-connector-python 3.14.0
snowplow-tracker           1.1.0
sortedcontainers           2.4.0
soupsieve                  2.6
sqlparse                   0.4.3
text-unidecode             1.3
tomlkit                    0.13.2
traitlets                  5.14.3
traittypes                 0.2.1
trio                       0.29.0
trio-websocket             0.12.2
typing_extensions          4.12.2
typing-inspection          0.4.0
urllib3                    2.3.0
websocket-client           1.8.0
Werkzeug                   2.3.8
wsproto                    1.2.0
zipp                       3.21.0
📈 Running Yahoo gainer scrape...
📡 Downloading Yahoo gainers data from: https://finance.yahoo.com/gainers
✅ Saved Yahoo data to /home/ubuntu/SP25_DS5111_cbv6gd/data/ygainers_raw_20250421_2039.csv
📁 Saved Yahoo normalized data to /home/ubuntu/SP25_DS5111_cbv6gd/data/ygainers_norm_yahoo_20250421_203912.csv
📰 Running WSJ gainer scrape...
Downloading WSJ gainers data using Selenium...
✅ Saved WSJ data to /home/ubuntu/SP25_DS5111_cbv6gd/data/wsgainers_raw_20250421_2039.csv
📄 Saved WSJ normalized data to /home/ubuntu/SP25_DS5111_cbv6gd/data/wsgainers_norm_wsj_20250421_203932.csv
✅ Gainer data collected at 20250421_2039
🧠 Using Python: /home/ubuntu/SP25_DS5111_cbv6gd/env/bin/python
Package                    Version
-------------------------- -----------
agate                      1.7.0
annotated-types            0.7.0
asn1crypto                 1.5.1
attrs                      25.3.0
babel                      2.17.0
backports.tarfile          1.2.0
bcc                        0.1.10
beautifulsoup4             4.13.3
certifi                    2025.1.31
cffi                       1.17.1
charset-normalizer         3.4.1
click                      8.1.8
colorama                   0.4.6
cryptography               44.0.2
daff                       1.3.46
dbt-core                   1.5.2
dbt-extractor              0.4.1
dbt-snowflake              1.5.2
deepdiff                   7.0.1
filelock                   3.18.0
future                     1.0.0
h11                        0.14.0
hologram                   0.0.16
idna                       3.10
importlib-metadata         6.11.0
isodate                    0.6.1
jaraco.classes             3.4.0
jaraco.context             6.0.1
jaraco.functools           4.1.0
jeepney                    0.9.0
Jinja2                     3.1.2
jsonschema                 4.23.0
jsonschema-specifications  2024.10.1
keyring                    25.6.0
leather                    0.4.0
Logbook                    1.5.3
lxml                       5.3.2
MarkupSafe                 3.0.2
mashumaro                  3.6
minimal-snowplow-tracker   0.0.2
more-itertools             10.6.0
msgpack                    1.1.0
networkx                   2.8.8
numpy                      2.2.4
ordered-set                4.1.0
outcome                    1.3.0.post0
packaging                  24.2
parsedatetime              2.4
pathspec                   0.11.2
pip                        25.0.1
platformdirs               4.3.7
protobuf                   5.29.4
pycparser                  2.22
pydantic                   2.11.1
pydantic_core              2.33.0
PyJWT                      2.10.1
pyOpenSSL                  25.0.0
PySocks                    1.7.1
python-dateutil            2.8.2
python-slugify             8.0.4
pytimeparse                1.1.8
pytz                       2025.2
PyYAML                     6.0.2
referencing                0.36.2
requests                   2.32.3
rpds-py                    0.24.0
SecretStorage              3.3.3
selenium                   4.30.0
setuptools                 65.5.0
six                        1.17.0
sniffio                    1.3.1
snowflake-connector-python 3.14.0
snowplow-tracker           1.1.0
sortedcontainers           2.4.0
soupsieve                  2.6
sqlparse                   0.4.3
text-unidecode             1.3
tomlkit                    0.13.2
traitlets                  5.14.3
traittypes                 0.2.1
trio                       0.29.0
trio-websocket             0.12.2
typing_extensions          4.12.2
typing-inspection          0.4.0
urllib3                    2.3.0
websocket-client           1.8.0
Werkzeug                   2.3.8
wsproto                    1.2.0
zipp                       3.21.0
📈 Running Yahoo gainer scrape...
📡 Downloading Yahoo gainers data from: https://finance.yahoo.com/gainers
✅ Saved Yahoo data to /home/ubuntu/SP25_DS5111_cbv6gd/data/ygainers_raw_20250421_2039.csv
📁 Saved Yahoo normalized data to /home/ubuntu/SP25_DS5111_cbv6gd/data/ygainers_norm_yahoo_20250421_203949.csv
📰 Running WSJ gainer scrape...
Downloading WSJ gainers data using Selenium...
✅ Saved WSJ data to /home/ubuntu/SP25_DS5111_cbv6gd/data/wsgainers_raw_20250421_2039.csv
📄 Saved WSJ normalized data to /home/ubuntu/SP25_DS5111_cbv6gd/data/wsgainers_norm_wsj_20250421_204008.csv
✅ Gainer data collected at 20250421_2039
🧠 Using Python: /home/ubuntu/SP25_DS5111_cbv6gd/env/bin/python
Package                    Version
-------------------------- -----------
agate                      1.7.0
annotated-types            0.7.0
asn1crypto                 1.5.1
attrs                      25.3.0
babel                      2.17.0
backports.tarfile          1.2.0
bcc                        0.1.10
beautifulsoup4             4.13.3
certifi                    2025.1.31
cffi                       1.17.1
charset-normalizer         3.4.1
click                      8.1.8
colorama                   0.4.6
cryptography               44.0.2
daff                       1.3.46
dbt-core                   1.5.2
dbt-extractor              0.4.1
dbt-snowflake              1.5.2
deepdiff                   7.0.1
filelock                   3.18.0
future                     1.0.0
h11                        0.14.0
hologram                   0.0.16
idna                       3.10
importlib-metadata         6.11.0
isodate                    0.6.1
jaraco.classes             3.4.0
jaraco.context             6.0.1
jaraco.functools           4.1.0
jeepney                    0.9.0
Jinja2                     3.1.2
jsonschema                 4.23.0
jsonschema-specifications  2024.10.1
keyring                    25.6.0
leather                    0.4.0
Logbook                    1.5.3
lxml                       5.3.2
MarkupSafe                 3.0.2
mashumaro                  3.6
minimal-snowplow-tracker   0.0.2
more-itertools             10.6.0
msgpack                    1.1.0
networkx                   2.8.8
numpy                      2.2.4
ordered-set                4.1.0
outcome                    1.3.0.post0
packaging                  24.2
parsedatetime              2.4
pathspec                   0.11.2
pip                        25.0.1
platformdirs               4.3.7
protobuf                   5.29.4
pycparser                  2.22
pydantic                   2.11.1
pydantic_core              2.33.0
PyJWT                      2.10.1
pyOpenSSL                  25.0.0
PySocks                    1.7.1
python-dateutil            2.8.2
python-slugify             8.0.4
pytimeparse                1.1.8
pytz                       2025.2
PyYAML                     6.0.2
referencing                0.36.2
requests                   2.32.3
rpds-py                    0.24.0
SecretStorage              3.3.3
selenium                   4.30.0
setuptools                 65.5.0
six                        1.17.0
sniffio                    1.3.1
snowflake-connector-python 3.14.0
snowplow-tracker           1.1.0
sortedcontainers           2.4.0
soupsieve                  2.6
sqlparse                   0.4.3
text-unidecode             1.3
tomlkit                    0.13.2
traitlets                  5.14.3
traittypes                 0.2.1
trio                       0.29.0
trio-websocket             0.12.2
typing_extensions          4.12.2
typing-inspection          0.4.0
urllib3                    2.3.0
websocket-client           1.8.0
Werkzeug                   2.3.8
wsproto                    1.2.0
zipp                       3.21.0
📈 Running Yahoo gainer scrape...
📡 Downloading Yahoo gainers data from: https://finance.yahoo.com/gainers
✅ Saved Yahoo data to /home/ubuntu/SP25_DS5111_cbv6gd/data/ygainers_raw_20250421_2200.csv
📁 Saved Yahoo normalized data to /home/ubuntu/SP25_DS5111_cbv6gd/data/ygainers_norm_yahoo_20250421_220003.csv
📰 Running WSJ gainer scrape...
Downloading WSJ gainers data using Selenium...
✅ Saved WSJ data to /home/ubuntu/SP25_DS5111_cbv6gd/data/wsgainers_raw_20250421_2200.csv
📄 Saved WSJ normalized data to /home/ubuntu/SP25_DS5111_cbv6gd/data/wsgainers_norm_wsj_20250421_220023.csv
✅ Gainer data collected at 20250421_2200
🧠 Using Python: /home/ubuntu/SP25_DS5111_cbv6gd/env/bin/python
Package                    Version
-------------------------- -----------
agate                      1.7.0
annotated-types            0.7.0
asn1crypto                 1.5.1
attrs                      25.3.0
babel                      2.17.0
backports.tarfile          1.2.0
bcc                        0.1.10
beautifulsoup4             4.13.3
certifi                    2025.1.31
cffi                       1.17.1
charset-normalizer         3.4.1
click                      8.1.8
colorama                   0.4.6
cryptography               44.0.2
daff                       1.3.46
dbt-core                   1.5.2
dbt-extractor              0.4.1
dbt-snowflake              1.5.2
deepdiff                   7.0.1
filelock                   3.18.0
future                     1.0.0
h11                        0.14.0
hologram                   0.0.16
idna                       3.10
importlib-metadata         6.11.0
isodate                    0.6.1
jaraco.classes             3.4.0
jaraco.context             6.0.1
jaraco.functools           4.1.0
jeepney                    0.9.0
Jinja2                     3.1.2
jsonschema                 4.23.0
jsonschema-specifications  2024.10.1
keyring                    25.6.0
leather                    0.4.0
Logbook                    1.5.3
lxml                       5.3.2
MarkupSafe                 3.0.2
mashumaro                  3.6
minimal-snowplow-tracker   0.0.2
more-itertools             10.6.0
msgpack                    1.1.0
networkx                   2.8.8
numpy                      2.2.4
ordered-set                4.1.0
outcome                    1.3.0.post0
packaging                  24.2
parsedatetime              2.4
pathspec                   0.11.2
pip                        25.0.1
platformdirs               4.3.7
protobuf                   5.29.4
pycparser                  2.22
pydantic                   2.11.1
pydantic_core              2.33.0
PyJWT                      2.10.1
pyOpenSSL                  25.0.0
PySocks                    1.7.1
python-dateutil            2.8.2
python-slugify             8.0.4
pytimeparse                1.1.8
pytz                       2025.2
PyYAML                     6.0.2
referencing                0.36.2
requests                   2.32.3
rpds-py                    0.24.0
SecretStorage              3.3.3
selenium                   4.30.0
setuptools                 65.5.0
six                        1.17.0
sniffio                    1.3.1
snowflake-connector-python 3.14.0
snowplow-tracker           1.1.0
sortedcontainers           2.4.0
soupsieve                  2.6
sqlparse                   0.4.3
text-unidecode             1.3
tomlkit                    0.13.2
traitlets                  5.14.3
traittypes                 0.2.1
trio                       0.29.0
trio-websocket             0.12.2
typing_extensions          4.12.2
typing-inspection          0.4.0
urllib3                    2.3.0
websocket-client           1.8.0
Werkzeug                   2.3.8
wsproto                    1.2.0
zipp                       3.21.0
📈 Running Yahoo gainer scrape...
📡 Downloading Yahoo gainers data from: https://finance.yahoo.com/gainers
✅ Saved Yahoo data to /home/ubuntu/SP25_DS5111_cbv6gd/data/ygainers_raw_20250422_0000.csv
📁 Saved Yahoo normalized data to /home/ubuntu/SP25_DS5111_cbv6gd/data/ygainers_norm_yahoo_20250422_000003.csv
📰 Running WSJ gainer scrape...
Downloading WSJ gainers data using Selenium...
✅ Saved WSJ data to /home/ubuntu/SP25_DS5111_cbv6gd/data/wsgainers_raw_20250422_0000.csv
📄 Saved WSJ normalized data to /home/ubuntu/SP25_DS5111_cbv6gd/data/wsgainers_norm_wsj_20250422_000023.csv
✅ Gainer data collected at 20250422_0000
🧠 Using Python: /home/ubuntu/SP25_DS5111_cbv6gd/env/bin/python
Package                    Version
-------------------------- -----------
agate                      1.7.0
annotated-types            0.7.0
asn1crypto                 1.5.1
attrs                      25.3.0
babel                      2.17.0
backports.tarfile          1.2.0
bcc                        0.1.10
beautifulsoup4             4.13.3
certifi                    2025.1.31
cffi                       1.17.1
charset-normalizer         3.4.1
click                      8.1.8
colorama                   0.4.6
cryptography               44.0.2
daff                       1.3.46
dbt-core                   1.5.2
dbt-extractor              0.4.1
dbt-snowflake              1.5.2
deepdiff                   7.0.1
filelock                   3.18.0
future                     1.0.0
h11                        0.14.0
hologram                   0.0.16
idna                       3.10
importlib-metadata         6.11.0
isodate                    0.6.1
jaraco.classes             3.4.0
jaraco.context             6.0.1
jaraco.functools           4.1.0
jeepney                    0.9.0
Jinja2                     3.1.2
jsonschema                 4.23.0
jsonschema-specifications  2024.10.1
keyring                    25.6.0
leather                    0.4.0
Logbook                    1.5.3
lxml                       5.3.2
MarkupSafe                 3.0.2
mashumaro                  3.6
minimal-snowplow-tracker   0.0.2
more-itertools             10.6.0
msgpack                    1.1.0
networkx                   2.8.8
numpy                      2.2.4
ordered-set                4.1.0
outcome                    1.3.0.post0
packaging                  24.2
parsedatetime              2.4
pathspec                   0.11.2
pip                        25.0.1
platformdirs               4.3.7
protobuf                   5.29.4
pycparser                  2.22
pydantic                   2.11.1
pydantic_core              2.33.0
PyJWT                      2.10.1
pyOpenSSL                  25.0.0
PySocks                    1.7.1
python-dateutil            2.8.2
python-slugify             8.0.4
pytimeparse                1.1.8
pytz                       2025.2
PyYAML                     6.0.2
referencing                0.36.2
requests                   2.32.3
rpds-py                    0.24.0
SecretStorage              3.3.3
selenium                   4.30.0
setuptools                 65.5.0
six                        1.17.0
sniffio                    1.3.1
snowflake-connector-python 3.14.0
snowplow-tracker           1.1.0
sortedcontainers           2.4.0
soupsieve                  2.6
sqlparse                   0.4.3
text-unidecode             1.3
tomlkit                    0.13.2
traitlets                  5.14.3
traittypes                 0.2.1
trio                       0.29.0
trio-websocket             0.12.2
typing_extensions          4.12.2
typing-inspection          0.4.0
urllib3                    2.3.0
websocket-client           1.8.0
Werkzeug                   2.3.8
wsproto                    1.2.0
zipp                       3.21.0
📈 Running Yahoo gainer scrape...
📡 Downloading Yahoo gainers data from: https://finance.yahoo.com/gainers
✅ Saved Yahoo data to /home/ubuntu/SP25_DS5111_cbv6gd/data/ygainers_raw_20250422_0200.csv
📁 Saved Yahoo normalized data to /home/ubuntu/SP25_DS5111_cbv6gd/data/ygainers_norm_yahoo_20250422_020002.csv
📰 Running WSJ gainer scrape...
Downloading WSJ gainers data using Selenium...
✅ Saved WSJ data to /home/ubuntu/SP25_DS5111_cbv6gd/data/wsgainers_raw_20250422_0200.csv
📄 Saved WSJ normalized data to /home/ubuntu/SP25_DS5111_cbv6gd/data/wsgainers_norm_wsj_20250422_020023.csv
✅ Gainer data collected at 20250422_0200
🧠 Using Python: /home/ubuntu/SP25_DS5111_cbv6gd/env/bin/python
Package                    Version
-------------------------- -----------
agate                      1.7.0
annotated-types            0.7.0
asn1crypto                 1.5.1
attrs                      25.3.0
babel                      2.17.0
backports.tarfile          1.2.0
bcc                        0.1.10
beautifulsoup4             4.13.3
certifi                    2025.1.31
cffi                       1.17.1
charset-normalizer         3.4.1
click                      8.1.8
colorama                   0.4.6
cryptography               44.0.2
daff                       1.3.46
dbt-core                   1.5.2
dbt-extractor              0.4.1
dbt-snowflake              1.5.2
deepdiff                   7.0.1
filelock                   3.18.0
future                     1.0.0
h11                        0.14.0
hologram                   0.0.16
idna                       3.10
importlib-metadata         6.11.0
isodate                    0.6.1
jaraco.classes             3.4.0
jaraco.context             6.0.1
jaraco.functools           4.1.0
jeepney                    0.9.0
Jinja2                     3.1.2
jsonschema                 4.23.0
jsonschema-specifications  2024.10.1
keyring                    25.6.0
leather                    0.4.0
Logbook                    1.5.3
lxml                       5.3.2
MarkupSafe                 3.0.2
mashumaro                  3.6
minimal-snowplow-tracker   0.0.2
more-itertools             10.6.0
msgpack                    1.1.0
networkx                   2.8.8
numpy                      2.2.4
ordered-set                4.1.0
outcome                    1.3.0.post0
packaging                  24.2
parsedatetime              2.4
pathspec                   0.11.2
pip                        25.0.1
platformdirs               4.3.7
protobuf                   5.29.4
pycparser                  2.22
pydantic                   2.11.1
pydantic_core              2.33.0
PyJWT                      2.10.1
pyOpenSSL                  25.0.0
PySocks                    1.7.1
python-dateutil            2.8.2
python-slugify             8.0.4
pytimeparse                1.1.8
pytz                       2025.2
PyYAML                     6.0.2
referencing                0.36.2
requests                   2.32.3
rpds-py                    0.24.0
SecretStorage              3.3.3
selenium                   4.30.0
setuptools                 65.5.0
six                        1.17.0
sniffio                    1.3.1
snowflake-connector-python 3.14.0
snowplow-tracker           1.1.0
sortedcontainers           2.4.0
soupsieve                  2.6
sqlparse                   0.4.3
text-unidecode             1.3
tomlkit                    0.13.2
traitlets                  5.14.3
traittypes                 0.2.1
trio                       0.29.0
trio-websocket             0.12.2
typing_extensions          4.12.2
typing-inspection          0.4.0
urllib3                    2.3.0
websocket-client           1.8.0
Werkzeug                   2.3.8
wsproto                    1.2.0
zipp                       3.21.0
📈 Running Yahoo gainer scrape...
📡 Downloading Yahoo gainers data from: https://finance.yahoo.com/gainers
✅ Saved Yahoo data to /home/ubuntu/SP25_DS5111_cbv6gd/data/ygainers_raw_20250422_0400.csv
📁 Saved Yahoo normalized data to /home/ubuntu/SP25_DS5111_cbv6gd/data/ygainers_norm_yahoo_20250422_040003.csv
📰 Running WSJ gainer scrape...
Downloading WSJ gainers data using Selenium...
✅ Saved WSJ data to /home/ubuntu/SP25_DS5111_cbv6gd/data/wsgainers_raw_20250422_0400.csv
📄 Saved WSJ normalized data to /home/ubuntu/SP25_DS5111_cbv6gd/data/wsgainers_norm_wsj_20250422_040022.csv
✅ Gainer data collected at 20250422_0400
🧠 Using Python: /home/ubuntu/SP25_DS5111_cbv6gd/env/bin/python
Package                    Version
-------------------------- -----------
agate                      1.7.0
annotated-types            0.7.0
asn1crypto                 1.5.1
attrs                      25.3.0
babel                      2.17.0
backports.tarfile          1.2.0
bcc                        0.1.10
beautifulsoup4             4.13.3
certifi                    2025.1.31
cffi                       1.17.1
charset-normalizer         3.4.1
click                      8.1.8
colorama                   0.4.6
cryptography               44.0.2
daff                       1.3.46
dbt-core                   1.5.2
dbt-extractor              0.4.1
dbt-snowflake              1.5.2
deepdiff                   7.0.1
filelock                   3.18.0
future                     1.0.0
h11                        0.14.0
hologram                   0.0.16
idna                       3.10
importlib-metadata         6.11.0
isodate                    0.6.1
jaraco.classes             3.4.0
jaraco.context             6.0.1
jaraco.functools           4.1.0
jeepney                    0.9.0
Jinja2                     3.1.2
jsonschema                 4.23.0
jsonschema-specifications  2024.10.1
keyring                    25.6.0
leather                    0.4.0
Logbook                    1.5.3
lxml                       5.3.2
MarkupSafe                 3.0.2
mashumaro                  3.6
minimal-snowplow-tracker   0.0.2
more-itertools             10.6.0
msgpack                    1.1.0
networkx                   2.8.8
numpy                      2.2.4
ordered-set                4.1.0
outcome                    1.3.0.post0
packaging                  24.2
parsedatetime              2.4
pathspec                   0.11.2
pip                        25.0.1
platformdirs               4.3.7
protobuf                   5.29.4
pycparser                  2.22
pydantic                   2.11.1
pydantic_core              2.33.0
PyJWT                      2.10.1
pyOpenSSL                  25.0.0
PySocks                    1.7.1
python-dateutil            2.8.2
python-slugify             8.0.4
pytimeparse                1.1.8
pytz                       2025.2
PyYAML                     6.0.2
referencing                0.36.2
requests                   2.32.3
rpds-py                    0.24.0
SecretStorage              3.3.3
selenium                   4.30.0
setuptools                 65.5.0
six                        1.17.0
sniffio                    1.3.1
snowflake-connector-python 3.14.0
snowplow-tracker           1.1.0
sortedcontainers           2.4.0
soupsieve                  2.6
sqlparse                   0.4.3
text-unidecode             1.3
tomlkit                    0.13.2
traitlets                  5.14.3
traittypes                 0.2.1
trio                       0.29.0
trio-websocket             0.12.2
typing_extensions          4.12.2
typing-inspection          0.4.0
urllib3                    2.3.0
websocket-client           1.8.0
Werkzeug                   2.3.8
wsproto                    1.2.0
zipp                       3.21.0
📈 Running Yahoo gainer scrape...
📡 Downloading Yahoo gainers data from: https://finance.yahoo.com/gainers
✅ Saved Yahoo data to /home/ubuntu/SP25_DS5111_cbv6gd/data/ygainers_raw_20250422_0600.csv
📁 Saved Yahoo normalized data to /home/ubuntu/SP25_DS5111_cbv6gd/data/ygainers_norm_yahoo_20250422_060003.csv
📰 Running WSJ gainer scrape...
Downloading WSJ gainers data using Selenium...
✅ Saved WSJ data to /home/ubuntu/SP25_DS5111_cbv6gd/data/wsgainers_raw_20250422_0600.csv
📄 Saved WSJ normalized data to /home/ubuntu/SP25_DS5111_cbv6gd/data/wsgainers_norm_wsj_20250422_060023.csv
✅ Gainer data collected at 20250422_0600
🧠 Using Python: /home/ubuntu/SP25_DS5111_cbv6gd/env/bin/python
Package                    Version
-------------------------- -----------
agate                      1.7.0
annotated-types            0.7.0
asn1crypto                 1.5.1
attrs                      25.3.0
babel                      2.17.0
backports.tarfile          1.2.0
bcc                        0.1.10
beautifulsoup4             4.13.3
certifi                    2025.1.31
cffi                       1.17.1
charset-normalizer         3.4.1
click                      8.1.8
colorama                   0.4.6
cryptography               44.0.2
daff                       1.3.46
dbt-core                   1.5.2
dbt-extractor              0.4.1
dbt-snowflake              1.5.2
deepdiff                   7.0.1
filelock                   3.18.0
future                     1.0.0
h11                        0.14.0
hologram                   0.0.16
idna                       3.10
importlib-metadata         6.11.0
isodate                    0.6.1
jaraco.classes             3.4.0
jaraco.context             6.0.1
jaraco.functools           4.1.0
jeepney                    0.9.0
Jinja2                     3.1.2
jsonschema                 4.23.0
jsonschema-specifications  2024.10.1
keyring                    25.6.0
leather                    0.4.0
Logbook                    1.5.3
lxml                       5.3.2
MarkupSafe                 3.0.2
mashumaro                  3.6
minimal-snowplow-tracker   0.0.2
more-itertools             10.6.0
msgpack                    1.1.0
networkx                   2.8.8
numpy                      2.2.4
ordered-set                4.1.0
outcome                    1.3.0.post0
packaging                  24.2
parsedatetime              2.4
pathspec                   0.11.2
pip                        25.0.1
platformdirs               4.3.7
protobuf                   5.29.4
pycparser                  2.22
pydantic                   2.11.1
pydantic_core              2.33.0
PyJWT                      2.10.1
pyOpenSSL                  25.0.0
PySocks                    1.7.1
python-dateutil            2.8.2
python-slugify             8.0.4
pytimeparse                1.1.8
pytz                       2025.2
PyYAML                     6.0.2
referencing                0.36.2
requests                   2.32.3
rpds-py                    0.24.0
SecretStorage              3.3.3
selenium                   4.30.0
setuptools                 65.5.0
six                        1.17.0
sniffio                    1.3.1
snowflake-connector-python 3.14.0
snowplow-tracker           1.1.0
sortedcontainers           2.4.0
soupsieve                  2.6
sqlparse                   0.4.3
text-unidecode             1.3
tomlkit                    0.13.2
traitlets                  5.14.3
traittypes                 0.2.1
trio                       0.29.0
trio-websocket             0.12.2
typing_extensions          4.12.2
typing-inspection          0.4.0
urllib3                    2.3.0
websocket-client           1.8.0
Werkzeug                   2.3.8
wsproto                    1.2.0
zipp                       3.21.0
📈 Running Yahoo gainer scrape...
📡 Downloading Yahoo gainers data from: https://finance.yahoo.com/gainers
✅ Saved Yahoo data to /home/ubuntu/SP25_DS5111_cbv6gd/data/ygainers_raw_20250422_0800.csv
📁 Saved Yahoo normalized data to /home/ubuntu/SP25_DS5111_cbv6gd/data/ygainers_norm_yahoo_20250422_080003.csv
📰 Running WSJ gainer scrape...
Downloading WSJ gainers data using Selenium...
✅ Saved WSJ data to /home/ubuntu/SP25_DS5111_cbv6gd/data/wsgainers_raw_20250422_0800.csv
📄 Saved WSJ normalized data to /home/ubuntu/SP25_DS5111_cbv6gd/data/wsgainers_norm_wsj_20250422_080023.csv
✅ Gainer data collected at 20250422_0800
🧠 Using Python: /home/ubuntu/SP25_DS5111_cbv6gd/env/bin/python
Package                    Version
-------------------------- -----------
agate                      1.7.0
annotated-types            0.7.0
asn1crypto                 1.5.1
attrs                      25.3.0
babel                      2.17.0
backports.tarfile          1.2.0
bcc                        0.1.10
beautifulsoup4             4.13.3
certifi                    2025.1.31
cffi                       1.17.1
charset-normalizer         3.4.1
click                      8.1.8
colorama                   0.4.6
cryptography               44.0.2
daff                       1.3.46
dbt-core                   1.5.2
dbt-extractor              0.4.1
dbt-snowflake              1.5.2
deepdiff                   7.0.1
filelock                   3.18.0
future                     1.0.0
h11                        0.14.0
hologram                   0.0.16
idna                       3.10
importlib-metadata         6.11.0
isodate                    0.6.1
jaraco.classes             3.4.0
jaraco.context             6.0.1
jaraco.functools           4.1.0
jeepney                    0.9.0
Jinja2                     3.1.2
jsonschema                 4.23.0
jsonschema-specifications  2024.10.1
keyring                    25.6.0
leather                    0.4.0
Logbook                    1.5.3
lxml                       5.3.2
MarkupSafe                 3.0.2
mashumaro                  3.6
minimal-snowplow-tracker   0.0.2
more-itertools             10.6.0
msgpack                    1.1.0
networkx                   2.8.8
numpy                      2.2.4
ordered-set                4.1.0
outcome                    1.3.0.post0
packaging                  24.2
parsedatetime              2.4
pathspec                   0.11.2
pip                        25.0.1
platformdirs               4.3.7
protobuf                   5.29.4
pycparser                  2.22
pydantic                   2.11.1
pydantic_core              2.33.0
PyJWT                      2.10.1
pyOpenSSL                  25.0.0
PySocks                    1.7.1
python-dateutil            2.8.2
python-slugify             8.0.4
pytimeparse                1.1.8
pytz                       2025.2
PyYAML                     6.0.2
referencing                0.36.2
requests                   2.32.3
rpds-py                    0.24.0
SecretStorage              3.3.3
selenium                   4.30.0
setuptools                 65.5.0
six                        1.17.0
sniffio                    1.3.1
snowflake-connector-python 3.14.0
snowplow-tracker           1.1.0
sortedcontainers           2.4.0
soupsieve                  2.6
sqlparse                   0.4.3
text-unidecode             1.3
tomlkit                    0.13.2
traitlets                  5.14.3
traittypes                 0.2.1
trio                       0.29.0
trio-websocket             0.12.2
typing_extensions          4.12.2
typing-inspection          0.4.0
urllib3                    2.3.0
websocket-client           1.8.0
Werkzeug                   2.3.8
wsproto                    1.2.0
zipp                       3.21.0
📈 Running Yahoo gainer scrape...
📡 Downloading Yahoo gainers data from: https://finance.yahoo.com/gainers
✅ Saved Yahoo data to /home/ubuntu/SP25_DS5111_cbv6gd/data/ygainers_raw_20250422_1000.csv
📁 Saved Yahoo normalized data to /home/ubuntu/SP25_DS5111_cbv6gd/data/ygainers_norm_yahoo_20250422_100003.csv
📰 Running WSJ gainer scrape...
Downloading WSJ gainers data using Selenium...
✅ Saved WSJ data to /home/ubuntu/SP25_DS5111_cbv6gd/data/wsgainers_raw_20250422_1000.csv
📄 Saved WSJ normalized data to /home/ubuntu/SP25_DS5111_cbv6gd/data/wsgainers_norm_wsj_20250422_100023.csv
✅ Gainer data collected at 20250422_1000
🧠 Using Python: /home/ubuntu/SP25_DS5111_cbv6gd/env/bin/python
Package                    Version
-------------------------- -----------
agate                      1.7.0
annotated-types            0.7.0
asn1crypto                 1.5.1
attrs                      25.3.0
babel                      2.17.0
backports.tarfile          1.2.0
bcc                        0.1.10
beautifulsoup4             4.13.3
certifi                    2025.1.31
cffi                       1.17.1
charset-normalizer         3.4.1
click                      8.1.8
colorama                   0.4.6
cryptography               44.0.2
daff                       1.3.46
dbt-core                   1.5.2
dbt-extractor              0.4.1
dbt-snowflake              1.5.2
deepdiff                   7.0.1
filelock                   3.18.0
future                     1.0.0
h11                        0.14.0
hologram                   0.0.16
idna                       3.10
importlib-metadata         6.11.0
isodate                    0.6.1
jaraco.classes             3.4.0
jaraco.context             6.0.1
jaraco.functools           4.1.0
jeepney                    0.9.0
Jinja2                     3.1.2
jsonschema                 4.23.0
jsonschema-specifications  2024.10.1
keyring                    25.6.0
leather                    0.4.0
Logbook                    1.5.3
lxml                       5.3.2
MarkupSafe                 3.0.2
mashumaro                  3.6
minimal-snowplow-tracker   0.0.2
more-itertools             10.6.0
msgpack                    1.1.0
networkx                   2.8.8
numpy                      2.2.4
ordered-set                4.1.0
outcome                    1.3.0.post0
packaging                  24.2
parsedatetime              2.4
pathspec                   0.11.2
pip                        25.0.1
platformdirs               4.3.7
protobuf                   5.29.4
pycparser                  2.22
pydantic                   2.11.1
pydantic_core              2.33.0
PyJWT                      2.10.1
pyOpenSSL                  25.0.0
PySocks                    1.7.1
python-dateutil            2.8.2
python-slugify             8.0.4
pytimeparse                1.1.8
pytz                       2025.2
PyYAML                     6.0.2
referencing                0.36.2
requests                   2.32.3
rpds-py                    0.24.0
SecretStorage              3.3.3
selenium                   4.30.0
setuptools                 65.5.0
six                        1.17.0
sniffio                    1.3.1
snowflake-connector-python 3.14.0
snowplow-tracker           1.1.0
sortedcontainers           2.4.0
soupsieve                  2.6
sqlparse                   0.4.3
text-unidecode             1.3
tomlkit                    0.13.2
traitlets                  5.14.3
traittypes                 0.2.1
trio                       0.29.0
trio-websocket             0.12.2
typing_extensions          4.12.2
typing-inspection          0.4.0
urllib3                    2.3.0
websocket-client           1.8.0
Werkzeug                   2.3.8
wsproto                    1.2.0
zipp                       3.21.0
📈 Running Yahoo gainer scrape...
📡 Downloading Yahoo gainers data from: https://finance.yahoo.com/gainers
✅ Saved Yahoo data to /home/ubuntu/SP25_DS5111_cbv6gd/data/ygainers_raw_20250422_1200.csv
📁 Saved Yahoo normalized data to /home/ubuntu/SP25_DS5111_cbv6gd/data/ygainers_norm_yahoo_20250422_120003.csv
📰 Running WSJ gainer scrape...
Downloading WSJ gainers data using Selenium...
✅ Saved WSJ data to /home/ubuntu/SP25_DS5111_cbv6gd/data/wsgainers_raw_20250422_1200.csv
📄 Saved WSJ normalized data to /home/ubuntu/SP25_DS5111_cbv6gd/data/wsgainers_norm_wsj_20250422_120023.csv
✅ Gainer data collected at 20250422_1200
🧠 Using Python: /home/ubuntu/SP25_DS5111_cbv6gd/env/bin/python
Package                    Version
-------------------------- -----------
agate                      1.7.0
annotated-types            0.7.0
asn1crypto                 1.5.1
attrs                      25.3.0
babel                      2.17.0
backports.tarfile          1.2.0
bcc                        0.1.10
beautifulsoup4             4.13.3
certifi                    2025.1.31
cffi                       1.17.1
charset-normalizer         3.4.1
click                      8.1.8
colorama                   0.4.6
cryptography               44.0.2
daff                       1.3.46
dbt-core                   1.5.2
dbt-extractor              0.4.1
dbt-snowflake              1.5.2
deepdiff                   7.0.1
filelock                   3.18.0
future                     1.0.0
h11                        0.14.0
hologram                   0.0.16
idna                       3.10
importlib-metadata         6.11.0
isodate                    0.6.1
jaraco.classes             3.4.0
jaraco.context             6.0.1
jaraco.functools           4.1.0
jeepney                    0.9.0
Jinja2                     3.1.2
jsonschema                 4.23.0
jsonschema-specifications  2024.10.1
keyring                    25.6.0
leather                    0.4.0
Logbook                    1.5.3
lxml                       5.3.2
MarkupSafe                 3.0.2
mashumaro                  3.6
minimal-snowplow-tracker   0.0.2
more-itertools             10.6.0
msgpack                    1.1.0
networkx                   2.8.8
numpy                      2.2.4
ordered-set                4.1.0
outcome                    1.3.0.post0
packaging                  24.2
parsedatetime              2.4
pathspec                   0.11.2
pip                        25.0.1
platformdirs               4.3.7
protobuf                   5.29.4
pycparser                  2.22
pydantic                   2.11.1
pydantic_core              2.33.0
PyJWT                      2.10.1
pyOpenSSL                  25.0.0
PySocks                    1.7.1
python-dateutil            2.8.2
python-slugify             8.0.4
pytimeparse                1.1.8
pytz                       2025.2
PyYAML                     6.0.2
referencing                0.36.2
requests                   2.32.3
rpds-py                    0.24.0
SecretStorage              3.3.3
selenium                   4.30.0
setuptools                 65.5.0
six                        1.17.0
sniffio                    1.3.1
snowflake-connector-python 3.14.0
snowplow-tracker           1.1.0
sortedcontainers           2.4.0
soupsieve                  2.6
sqlparse                   0.4.3
text-unidecode             1.3
tomlkit                    0.13.2
traitlets                  5.14.3
traittypes                 0.2.1
trio                       0.29.0
trio-websocket             0.12.2
typing_extensions          4.12.2
typing-inspection          0.4.0
urllib3                    2.3.0
websocket-client           1.8.0
Werkzeug                   2.3.8
wsproto                    1.2.0
zipp                       3.21.0
📈 Running Yahoo gainer scrape...
📡 Downloading Yahoo gainers data from: https://finance.yahoo.com/gainers
✅ Saved Yahoo data to /home/ubuntu/SP25_DS5111_cbv6gd/data/ygainers_raw_20250422_1400.csv
📁 Saved Yahoo normalized data to /home/ubuntu/SP25_DS5111_cbv6gd/data/ygainers_norm_yahoo_20250422_140003.csv
📰 Running WSJ gainer scrape...
Downloading WSJ gainers data using Selenium...
✅ Saved WSJ data to /home/ubuntu/SP25_DS5111_cbv6gd/data/wsgainers_raw_20250422_1400.csv
📄 Saved WSJ normalized data to /home/ubuntu/SP25_DS5111_cbv6gd/data/wsgainers_norm_wsj_20250422_140023.csv
✅ Gainer data collected at 20250422_1400
🧠 Using Python: /home/ubuntu/SP25_DS5111_cbv6gd/env/bin/python
Package                    Version
-------------------------- -----------
agate                      1.7.0
annotated-types            0.7.0
asn1crypto                 1.5.1
attrs                      25.3.0
babel                      2.17.0
backports.tarfile          1.2.0
bcc                        0.1.10
beautifulsoup4             4.13.3
certifi                    2025.1.31
cffi                       1.17.1
charset-normalizer         3.4.1
click                      8.1.8
colorama                   0.4.6
cryptography               44.0.2
daff                       1.3.46
dbt-core                   1.5.2
dbt-extractor              0.4.1
dbt-snowflake              1.5.2
deepdiff                   7.0.1
filelock                   3.18.0
future                     1.0.0
h11                        0.14.0
hologram                   0.0.16
idna                       3.10
importlib-metadata         6.11.0
isodate                    0.6.1
jaraco.classes             3.4.0
jaraco.context             6.0.1
jaraco.functools           4.1.0
jeepney                    0.9.0
Jinja2                     3.1.2
jsonschema                 4.23.0
jsonschema-specifications  2024.10.1
keyring                    25.6.0
leather                    0.4.0
Logbook                    1.5.3
lxml                       5.3.2
MarkupSafe                 3.0.2
mashumaro                  3.6
minimal-snowplow-tracker   0.0.2
more-itertools             10.6.0
msgpack                    1.1.0
networkx                   2.8.8
numpy                      2.2.4
ordered-set                4.1.0
outcome                    1.3.0.post0
packaging                  24.2
parsedatetime              2.4
pathspec                   0.11.2
pip                        25.0.1
platformdirs               4.3.7
protobuf                   5.29.4
pycparser                  2.22
pydantic                   2.11.1
pydantic_core              2.33.0
PyJWT                      2.10.1
pyOpenSSL                  25.0.0
PySocks                    1.7.1
python-dateutil            2.8.2
python-slugify             8.0.4
pytimeparse                1.1.8
pytz                       2025.2
PyYAML                     6.0.2
referencing                0.36.2
requests                   2.32.3
rpds-py                    0.24.0
SecretStorage              3.3.3
selenium                   4.30.0
setuptools                 65.5.0
six                        1.17.0
sniffio                    1.3.1
snowflake-connector-python 3.14.0
snowplow-tracker           1.1.0
sortedcontainers           2.4.0
soupsieve                  2.6
sqlparse                   0.4.3
text-unidecode             1.3
tomlkit                    0.13.2
traitlets                  5.14.3
traittypes                 0.2.1
trio                       0.29.0
trio-websocket             0.12.2
typing_extensions          4.12.2
typing-inspection          0.4.0
urllib3                    2.3.0
websocket-client           1.8.0
Werkzeug                   2.3.8
wsproto                    1.2.0
zipp                       3.21.0
📈 Running Yahoo gainer scrape...
📡 Downloading Yahoo gainers data from: https://finance.yahoo.com/gainers
✅ Saved Yahoo data to /home/ubuntu/SP25_DS5111_cbv6gd/data/ygainers_raw_20250422_1600.csv
📁 Saved Yahoo normalized data to /home/ubuntu/SP25_DS5111_cbv6gd/data/ygainers_norm_yahoo_20250422_160004.csv
📰 Running WSJ gainer scrape...
Downloading WSJ gainers data using Selenium...
✅ Saved WSJ data to /home/ubuntu/SP25_DS5111_cbv6gd/data/wsgainers_raw_20250422_1600.csv
📄 Saved WSJ normalized data to /home/ubuntu/SP25_DS5111_cbv6gd/data/wsgainers_norm_wsj_20250422_160023.csv
✅ Gainer data collected at 20250422_1600
🧠 Using Python: /home/ubuntu/SP25_DS5111_cbv6gd/env/bin/python
Package                    Version
-------------------------- -----------
agate                      1.7.0
annotated-types            0.7.0
asn1crypto                 1.5.1
attrs                      25.3.0
babel                      2.17.0
backports.tarfile          1.2.0
bcc                        0.1.10
beautifulsoup4             4.13.3
certifi                    2025.1.31
cffi                       1.17.1
charset-normalizer         3.4.1
click                      8.1.8
colorama                   0.4.6
cryptography               44.0.2
daff                       1.3.46
dbt-core                   1.5.2
dbt-extractor              0.4.1
dbt-snowflake              1.5.2
deepdiff                   7.0.1
filelock                   3.18.0
future                     1.0.0
h11                        0.14.0
hologram                   0.0.16
idna                       3.10
importlib-metadata         6.11.0
isodate                    0.6.1
jaraco.classes             3.4.0
jaraco.context             6.0.1
jaraco.functools           4.1.0
jeepney                    0.9.0
Jinja2                     3.1.2
jsonschema                 4.23.0
jsonschema-specifications  2024.10.1
keyring                    25.6.0
leather                    0.4.0
Logbook                    1.5.3
lxml                       5.3.2
MarkupSafe                 3.0.2
mashumaro                  3.6
minimal-snowplow-tracker   0.0.2
more-itertools             10.6.0
msgpack                    1.1.0
networkx                   2.8.8
numpy                      2.2.4
ordered-set                4.1.0
outcome                    1.3.0.post0
packaging                  24.2
parsedatetime              2.4
pathspec                   0.11.2
pip                        25.0.1
platformdirs               4.3.7
protobuf                   5.29.4
pycparser                  2.22
pydantic                   2.11.1
pydantic_core              2.33.0
PyJWT                      2.10.1
pyOpenSSL                  25.0.0
PySocks                    1.7.1
python-dateutil            2.8.2
python-slugify             8.0.4
pytimeparse                1.1.8
pytz                       2025.2
PyYAML                     6.0.2
referencing                0.36.2
requests                   2.32.3
rpds-py                    0.24.0
SecretStorage              3.3.3
selenium                   4.30.0
setuptools                 65.5.0
six                        1.17.0
sniffio                    1.3.1
snowflake-connector-python 3.14.0
snowplow-tracker           1.1.0
sortedcontainers           2.4.0
soupsieve                  2.6
sqlparse                   0.4.3
text-unidecode             1.3
tomlkit                    0.13.2
traitlets                  5.14.3
traittypes                 0.2.1
trio                       0.29.0
trio-websocket             0.12.2
typing_extensions          4.12.2
typing-inspection          0.4.0
urllib3                    2.3.0
websocket-client           1.8.0
Werkzeug                   2.3.8
wsproto                    1.2.0
zipp                       3.21.0
📈 Running Yahoo gainer scrape...
📡 Downloading Yahoo gainers data from: https://finance.yahoo.com/gainers
✅ Saved Yahoo data to /home/ubuntu/SP25_DS5111_cbv6gd/data/ygainers_raw_20250422_1800.csv
📁 Saved Yahoo normalized data to /home/ubuntu/SP25_DS5111_cbv6gd/data/ygainers_norm_yahoo_20250422_180003.csv
📰 Running WSJ gainer scrape...
Downloading WSJ gainers data using Selenium...
✅ Saved WSJ data to /home/ubuntu/SP25_DS5111_cbv6gd/data/wsgainers_raw_20250422_1800.csv
📄 Saved WSJ normalized data to /home/ubuntu/SP25_DS5111_cbv6gd/data/wsgainers_norm_wsj_20250422_180025.csv
✅ Gainer data collected at 20250422_1800
🧠 Using Python: /home/ubuntu/SP25_DS5111_cbv6gd/env/bin/python
Package                    Version
-------------------------- -----------
agate                      1.7.0
annotated-types            0.7.0
asn1crypto                 1.5.1
attrs                      25.3.0
babel                      2.17.0
backports.tarfile          1.2.0
bcc                        0.1.10
beautifulsoup4             4.13.3
certifi                    2025.1.31
cffi                       1.17.1
charset-normalizer         3.4.1
click                      8.1.8
colorama                   0.4.6
cryptography               44.0.2
daff                       1.3.46
dbt-core                   1.5.2
dbt-extractor              0.4.1
dbt-snowflake              1.5.2
deepdiff                   7.0.1
filelock                   3.18.0
future                     1.0.0
h11                        0.14.0
hologram                   0.0.16
idna                       3.10
importlib-metadata         6.11.0
isodate                    0.6.1
jaraco.classes             3.4.0
jaraco.context             6.0.1
jaraco.functools           4.1.0
jeepney                    0.9.0
Jinja2                     3.1.2
jsonschema                 4.23.0
jsonschema-specifications  2024.10.1
keyring                    25.6.0
leather                    0.4.0
Logbook                    1.5.3
lxml                       5.3.2
MarkupSafe                 3.0.2
mashumaro                  3.6
minimal-snowplow-tracker   0.0.2
more-itertools             10.6.0
msgpack                    1.1.0
networkx                   2.8.8
numpy                      2.2.4
ordered-set                4.1.0
outcome                    1.3.0.post0
packaging                  24.2
parsedatetime              2.4
pathspec                   0.11.2
pip                        25.0.1
platformdirs               4.3.7
protobuf                   5.29.4
pycparser                  2.22
pydantic                   2.11.1
pydantic_core              2.33.0
PyJWT                      2.10.1
pyOpenSSL                  25.0.0
PySocks                    1.7.1
python-dateutil            2.8.2
python-slugify             8.0.4
pytimeparse                1.1.8
pytz                       2025.2
PyYAML                     6.0.2
referencing                0.36.2
requests                   2.32.3
rpds-py                    0.24.0
SecretStorage              3.3.3
selenium                   4.30.0
setuptools                 65.5.0
six                        1.17.0
sniffio                    1.3.1
snowflake-connector-python 3.14.0
snowplow-tracker           1.1.0
sortedcontainers           2.4.0
soupsieve                  2.6
sqlparse                   0.4.3
text-unidecode             1.3
tomlkit                    0.13.2
traitlets                  5.14.3
traittypes                 0.2.1
trio                       0.29.0
trio-websocket             0.12.2
typing_extensions          4.12.2
typing-inspection          0.4.0
urllib3                    2.3.0
websocket-client           1.8.0
Werkzeug                   2.3.8
wsproto                    1.2.0
zipp                       3.21.0
📈 Running Yahoo gainer scrape...
📡 Downloading Yahoo gainers data from: https://finance.yahoo.com/gainers
✅ Saved Yahoo data to /home/ubuntu/SP25_DS5111_cbv6gd/data/ygainers_raw_20250422_2000.csv
📁 Saved Yahoo normalized data to /home/ubuntu/SP25_DS5111_cbv6gd/data/ygainers_norm_yahoo_20250422_200003.csv
📰 Running WSJ gainer scrape...
Downloading WSJ gainers data using Selenium...
✅ Saved WSJ data to /home/ubuntu/SP25_DS5111_cbv6gd/data/wsgainers_raw_20250422_2000.csv
📄 Saved WSJ normalized data to /home/ubuntu/SP25_DS5111_cbv6gd/data/wsgainers_norm_wsj_20250422_200023.csv
✅ Gainer data collected at 20250422_2000
🧠 Using Python: /home/ubuntu/SP25_DS5111_cbv6gd/env/bin/python
Package                    Version
-------------------------- -----------
agate                      1.7.0
annotated-types            0.7.0
asn1crypto                 1.5.1
attrs                      25.3.0
babel                      2.17.0
backports.tarfile          1.2.0
bcc                        0.1.10
beautifulsoup4             4.13.3
certifi                    2025.1.31
cffi                       1.17.1
charset-normalizer         3.4.1
click                      8.1.8
colorama                   0.4.6
cryptography               44.0.2
daff                       1.3.46
dbt-core                   1.5.2
dbt-extractor              0.4.1
dbt-snowflake              1.5.2
deepdiff                   7.0.1
filelock                   3.18.0
future                     1.0.0
h11                        0.14.0
hologram                   0.0.16
idna                       3.10
importlib-metadata         6.11.0
isodate                    0.6.1
jaraco.classes             3.4.0
jaraco.context             6.0.1
jaraco.functools           4.1.0
jeepney                    0.9.0
Jinja2                     3.1.2
jsonschema                 4.23.0
jsonschema-specifications  2024.10.1
keyring                    25.6.0
leather                    0.4.0
Logbook                    1.5.3
lxml                       5.3.2
MarkupSafe                 3.0.2
mashumaro                  3.6
minimal-snowplow-tracker   0.0.2
more-itertools             10.6.0
msgpack                    1.1.0
networkx                   2.8.8
numpy                      2.2.4
ordered-set                4.1.0
outcome                    1.3.0.post0
packaging                  24.2
parsedatetime              2.4
pathspec                   0.11.2
pip                        25.0.1
platformdirs               4.3.7
protobuf                   5.29.4
pycparser                  2.22
pydantic                   2.11.1
pydantic_core              2.33.0
PyJWT                      2.10.1
pyOpenSSL                  25.0.0
PySocks                    1.7.1
python-dateutil            2.8.2
python-slugify             8.0.4
pytimeparse                1.1.8
pytz                       2025.2
PyYAML                     6.0.2
referencing                0.36.2
requests                   2.32.3
rpds-py                    0.24.0
SecretStorage              3.3.3
selenium                   4.30.0
setuptools                 65.5.0
six                        1.17.0
sniffio                    1.3.1
snowflake-connector-python 3.14.0
snowplow-tracker           1.1.0
sortedcontainers           2.4.0
soupsieve                  2.6
sqlparse                   0.4.3
text-unidecode             1.3
tomlkit                    0.13.2
traitlets                  5.14.3
traittypes                 0.2.1
trio                       0.29.0
trio-websocket             0.12.2
typing_extensions          4.12.2
typing-inspection          0.4.0
urllib3                    2.3.0
websocket-client           1.8.0
Werkzeug                   2.3.8
wsproto                    1.2.0
zipp                       3.21.0
📈 Running Yahoo gainer scrape...
📡 Downloading Yahoo gainers data from: https://finance.yahoo.com/gainers
✅ Saved Yahoo data to /home/ubuntu/SP25_DS5111_cbv6gd/data/ygainers_raw_20250422_2200.csv
📁 Saved Yahoo normalized data to /home/ubuntu/SP25_DS5111_cbv6gd/data/ygainers_norm_yahoo_20250422_220003.csv
📰 Running WSJ gainer scrape...
Downloading WSJ gainers data using Selenium...
✅ Saved WSJ data to /home/ubuntu/SP25_DS5111_cbv6gd/data/wsgainers_raw_20250422_2200.csv
📄 Saved WSJ normalized data to /home/ubuntu/SP25_DS5111_cbv6gd/data/wsgainers_norm_wsj_20250422_220023.csv
✅ Gainer data collected at 20250422_2200
🧠 Using Python: /home/ubuntu/SP25_DS5111_cbv6gd/env/bin/python
Package                    Version
-------------------------- -----------
agate                      1.7.0
annotated-types            0.7.0
asn1crypto                 1.5.1
attrs                      25.3.0
babel                      2.17.0
backports.tarfile          1.2.0
bcc                        0.1.10
beautifulsoup4             4.13.3
certifi                    2025.1.31
cffi                       1.17.1
charset-normalizer         3.4.1
click                      8.1.8
colorama                   0.4.6
cryptography               44.0.2
daff                       1.3.46
dbt-core                   1.5.2
dbt-extractor              0.4.1
dbt-snowflake              1.5.2
deepdiff                   7.0.1
filelock                   3.18.0
future                     1.0.0
h11                        0.14.0
hologram                   0.0.16
idna                       3.10
importlib-metadata         6.11.0
isodate                    0.6.1
jaraco.classes             3.4.0
jaraco.context             6.0.1
jaraco.functools           4.1.0
jeepney                    0.9.0
Jinja2                     3.1.2
jsonschema                 4.23.0
jsonschema-specifications  2024.10.1
keyring                    25.6.0
leather                    0.4.0
Logbook                    1.5.3
lxml                       5.3.2
MarkupSafe                 3.0.2
mashumaro                  3.6
minimal-snowplow-tracker   0.0.2
more-itertools             10.6.0
msgpack                    1.1.0
networkx                   2.8.8
numpy                      2.2.4
ordered-set                4.1.0
outcome                    1.3.0.post0
packaging                  24.2
parsedatetime              2.4
pathspec                   0.11.2
pip                        25.0.1
platformdirs               4.3.7
protobuf                   5.29.4
pycparser                  2.22
pydantic                   2.11.1
pydantic_core              2.33.0
PyJWT                      2.10.1
pyOpenSSL                  25.0.0
PySocks                    1.7.1
python-dateutil            2.8.2
python-slugify             8.0.4
pytimeparse                1.1.8
pytz                       2025.2
PyYAML                     6.0.2
referencing                0.36.2
requests                   2.32.3
rpds-py                    0.24.0
SecretStorage              3.3.3
selenium                   4.30.0
setuptools                 65.5.0
six                        1.17.0
sniffio                    1.3.1
snowflake-connector-python 3.14.0
snowplow-tracker           1.1.0
sortedcontainers           2.4.0
soupsieve                  2.6
sqlparse                   0.4.3
text-unidecode             1.3
tomlkit                    0.13.2
traitlets                  5.14.3
traittypes                 0.2.1
trio                       0.29.0
trio-websocket             0.12.2
typing_extensions          4.12.2
typing-inspection          0.4.0
urllib3                    2.3.0
websocket-client           1.8.0
Werkzeug                   2.3.8
wsproto                    1.2.0
zipp                       3.21.0
📈 Running Yahoo gainer scrape...
📡 Downloading Yahoo gainers data from: https://finance.yahoo.com/gainers
✅ Saved Yahoo data to /home/ubuntu/SP25_DS5111_cbv6gd/data/ygainers_raw_20250423_0000.csv
📁 Saved Yahoo normalized data to /home/ubuntu/SP25_DS5111_cbv6gd/data/ygainers_norm_yahoo_20250423_000003.csv
📰 Running WSJ gainer scrape...
Downloading WSJ gainers data using Selenium...
✅ Saved WSJ data to /home/ubuntu/SP25_DS5111_cbv6gd/data/wsgainers_raw_20250423_0000.csv
📄 Saved WSJ normalized data to /home/ubuntu/SP25_DS5111_cbv6gd/data/wsgainers_norm_wsj_20250423_000024.csv
✅ Gainer data collected at 20250423_0000
🧠 Using Python: /home/ubuntu/SP25_DS5111_cbv6gd/env/bin/python
Package                    Version
-------------------------- -----------
agate                      1.7.0
annotated-types            0.7.0
asn1crypto                 1.5.1
attrs                      25.3.0
babel                      2.17.0
backports.tarfile          1.2.0
bcc                        0.1.10
beautifulsoup4             4.13.3
certifi                    2025.1.31
cffi                       1.17.1
charset-normalizer         3.4.1
click                      8.1.8
colorama                   0.4.6
cryptography               44.0.2
daff                       1.3.46
dbt-core                   1.5.2
dbt-extractor              0.4.1
dbt-snowflake              1.5.2
deepdiff                   7.0.1
filelock                   3.18.0
future                     1.0.0
h11                        0.14.0
hologram                   0.0.16
idna                       3.10
importlib-metadata         6.11.0
isodate                    0.6.1
jaraco.classes             3.4.0
jaraco.context             6.0.1
jaraco.functools           4.1.0
jeepney                    0.9.0
Jinja2                     3.1.2
jsonschema                 4.23.0
jsonschema-specifications  2024.10.1
keyring                    25.6.0
leather                    0.4.0
Logbook                    1.5.3
lxml                       5.3.2
MarkupSafe                 3.0.2
mashumaro                  3.6
minimal-snowplow-tracker   0.0.2
more-itertools             10.6.0
msgpack                    1.1.0
networkx                   2.8.8
numpy                      2.2.4
ordered-set                4.1.0
outcome                    1.3.0.post0
packaging                  24.2
parsedatetime              2.4
pathspec                   0.11.2
pip                        25.0.1
platformdirs               4.3.7
protobuf                   5.29.4
pycparser                  2.22
pydantic                   2.11.1
pydantic_core              2.33.0
PyJWT                      2.10.1
pyOpenSSL                  25.0.0
PySocks                    1.7.1
python-dateutil            2.8.2
python-slugify             8.0.4
pytimeparse                1.1.8
pytz                       2025.2
PyYAML                     6.0.2
referencing                0.36.2
requests                   2.32.3
rpds-py                    0.24.0
SecretStorage              3.3.3
selenium                   4.30.0
setuptools                 65.5.0
six                        1.17.0
sniffio                    1.3.1
snowflake-connector-python 3.14.0
snowplow-tracker           1.1.0
sortedcontainers           2.4.0
soupsieve                  2.6
sqlparse                   0.4.3
text-unidecode             1.3
tomlkit                    0.13.2
traitlets                  5.14.3
traittypes                 0.2.1
trio                       0.29.0
trio-websocket             0.12.2
typing_extensions          4.12.2
typing-inspection          0.4.0
urllib3                    2.3.0
websocket-client           1.8.0
Werkzeug                   2.3.8
wsproto                    1.2.0
zipp                       3.21.0
📈 Running Yahoo gainer scrape...
📡 Fetching Yahoo gainers from API...
✅ Yahoo gainer data saved to /home/ubuntu/SP25_DS5111_cbv6gd/data/ygainers_raw_20250423_0114.csv
📁 Saved Yahoo normalized data to /home/ubuntu/SP25_DS5111_cbv6gd/data/ygainers_norm_yahoo_20250423_011445.csv
📰 Running WSJ gainer scrape...
Downloading WSJ gainers data using Selenium...
✅ Saved WSJ data to /home/ubuntu/SP25_DS5111_cbv6gd/data/wsgainers_raw_20250423_0114.csv
📄 Saved WSJ normalized data to /home/ubuntu/SP25_DS5111_cbv6gd/data/wsgainers_norm_wsj_20250423_011505.csv
✅ Gainer data collected at 20250423_0114
🧠 Using Python: /home/ubuntu/SP25_DS5111_cbv6gd/env/bin/python
Package                    Version
-------------------------- -----------
agate                      1.7.0
annotated-types            0.7.0
asn1crypto                 1.5.1
attrs                      25.3.0
babel                      2.17.0
backports.tarfile          1.2.0
bcc                        0.1.10
beautifulsoup4             4.13.3
certifi                    2025.1.31
cffi                       1.17.1
charset-normalizer         3.4.1
click                      8.1.8
colorama                   0.4.6
cryptography               44.0.2
daff                       1.3.46
dbt-core                   1.5.2
dbt-extractor              0.4.1
dbt-snowflake              1.5.2
deepdiff                   7.0.1
filelock                   3.18.0
future                     1.0.0
h11                        0.14.0
hologram                   0.0.16
idna                       3.10
importlib-metadata         6.11.0
isodate                    0.6.1
jaraco.classes             3.4.0
jaraco.context             6.0.1
jaraco.functools           4.1.0
jeepney                    0.9.0
Jinja2                     3.1.2
jsonschema                 4.23.0
jsonschema-specifications  2024.10.1
keyring                    25.6.0
leather                    0.4.0
Logbook                    1.5.3
lxml                       5.3.2
MarkupSafe                 3.0.2
mashumaro                  3.6
minimal-snowplow-tracker   0.0.2
more-itertools             10.6.0
msgpack                    1.1.0
networkx                   2.8.8
numpy                      2.2.4
ordered-set                4.1.0
outcome                    1.3.0.post0
packaging                  24.2
parsedatetime              2.4
pathspec                   0.11.2
pip                        25.0.1
platformdirs               4.3.7
protobuf                   5.29.4
pycparser                  2.22
pydantic                   2.11.1
pydantic_core              2.33.0
PyJWT                      2.10.1
pyOpenSSL                  25.0.0
PySocks                    1.7.1
python-dateutil            2.8.2
python-slugify             8.0.4
pytimeparse                1.1.8
pytz                       2025.2
PyYAML                     6.0.2
referencing                0.36.2
requests                   2.32.3
rpds-py                    0.24.0
SecretStorage              3.3.3
selenium                   4.30.0
setuptools                 65.5.0
six                        1.17.0
sniffio                    1.3.1
snowflake-connector-python 3.14.0
snowplow-tracker           1.1.0
sortedcontainers           2.4.0
soupsieve                  2.6
sqlparse                   0.4.3
text-unidecode             1.3
tomlkit                    0.13.2
traitlets                  5.14.3
traittypes                 0.2.1
trio                       0.29.0
trio-websocket             0.12.2
typing_extensions          4.12.2
typing-inspection          0.4.0
urllib3                    2.3.0
websocket-client           1.8.0
Werkzeug                   2.3.8
wsproto                    1.2.0
zipp                       3.21.0
📈 Running Yahoo gainer scrape...
📡 Fetching Yahoo gainers from API...
✅ Yahoo gainer data saved to /home/ubuntu/SP25_DS5111_cbv6gd/data/ygainers_raw_20250423_0116.csv
📁 Saved Yahoo normalized data to /home/ubuntu/SP25_DS5111_cbv6gd/data/ygainers_norm_yahoo_20250423_011643.csv
📰 Running WSJ gainer scrape...
Downloading WSJ gainers data using Selenium...
✅ Saved WSJ data to /home/ubuntu/SP25_DS5111_cbv6gd/data/wsgainers_raw_20250423_0116.csv
📄 Saved WSJ normalized data to /home/ubuntu/SP25_DS5111_cbv6gd/data/wsgainers_norm_wsj_20250423_011703.csv
✅ Gainer data collected at 20250423_0116
🧠 Using Python: /home/ubuntu/SP25_DS5111_cbv6gd/env/bin/python
Package                    Version
-------------------------- -----------
agate                      1.7.0
annotated-types            0.7.0
asn1crypto                 1.5.1
attrs                      25.3.0
babel                      2.17.0
backports.tarfile          1.2.0
bcc                        0.1.10
beautifulsoup4             4.13.3
certifi                    2025.1.31
cffi                       1.17.1
charset-normalizer         3.4.1
click                      8.1.8
colorama                   0.4.6
cryptography               44.0.2
daff                       1.3.46
dbt-core                   1.5.2
dbt-extractor              0.4.1
dbt-snowflake              1.5.2
deepdiff                   7.0.1
filelock                   3.18.0
future                     1.0.0
h11                        0.14.0
hologram                   0.0.16
idna                       3.10
importlib-metadata         6.11.0
isodate                    0.6.1
jaraco.classes             3.4.0
jaraco.context             6.0.1
jaraco.functools           4.1.0
jeepney                    0.9.0
Jinja2                     3.1.2
jsonschema                 4.23.0
jsonschema-specifications  2024.10.1
keyring                    25.6.0
leather                    0.4.0
Logbook                    1.5.3
lxml                       5.3.2
MarkupSafe                 3.0.2
mashumaro                  3.6
minimal-snowplow-tracker   0.0.2
more-itertools             10.6.0
msgpack                    1.1.0
networkx                   2.8.8
numpy                      2.2.4
ordered-set                4.1.0
outcome                    1.3.0.post0
packaging                  24.2
parsedatetime              2.4
pathspec                   0.11.2
pip                        25.0.1
platformdirs               4.3.7
protobuf                   5.29.4
pycparser                  2.22
pydantic                   2.11.1
pydantic_core              2.33.0
PyJWT                      2.10.1
pyOpenSSL                  25.0.0
PySocks                    1.7.1
python-dateutil            2.8.2
python-slugify             8.0.4
pytimeparse                1.1.8
pytz                       2025.2
PyYAML                     6.0.2
referencing                0.36.2
requests                   2.32.3
rpds-py                    0.24.0
SecretStorage              3.3.3
selenium                   4.30.0
setuptools                 65.5.0
six                        1.17.0
sniffio                    1.3.1
snowflake-connector-python 3.14.0
snowplow-tracker           1.1.0
sortedcontainers           2.4.0
soupsieve                  2.6
sqlparse                   0.4.3
text-unidecode             1.3
tomlkit                    0.13.2
traitlets                  5.14.3
traittypes                 0.2.1
trio                       0.29.0
trio-websocket             0.12.2
typing_extensions          4.12.2
typing-inspection          0.4.0
urllib3                    2.3.0
websocket-client           1.8.0
Werkzeug                   2.3.8
wsproto                    1.2.0
zipp                       3.21.0
📈 Running Yahoo gainer scrape...
📡 Fetching Yahoo gainers from API...
✅ Yahoo gainer data saved to /home/ubuntu/SP25_DS5111_cbv6gd/data/ygainers_raw_20250423_0200.csv
📁 Saved Yahoo normalized data to /home/ubuntu/SP25_DS5111_cbv6gd/data/ygainers_norm_yahoo_20250423_020003.csv
📰 Running WSJ gainer scrape...
Downloading WSJ gainers data using Selenium...
✅ Saved WSJ data to /home/ubuntu/SP25_DS5111_cbv6gd/data/wsgainers_raw_20250423_0200.csv
📄 Saved WSJ normalized data to /home/ubuntu/SP25_DS5111_cbv6gd/data/wsgainers_norm_wsj_20250423_020024.csv
✅ Gainer data collected at 20250423_0200
🧠 Using Python: /home/ubuntu/SP25_DS5111_cbv6gd/env/bin/python
Package                    Version
-------------------------- -----------
agate                      1.7.0
annotated-types            0.7.0
asn1crypto                 1.5.1
attrs                      25.3.0
babel                      2.17.0
backports.tarfile          1.2.0
bcc                        0.1.10
beautifulsoup4             4.13.3
certifi                    2025.1.31
cffi                       1.17.1
charset-normalizer         3.4.1
click                      8.1.8
colorama                   0.4.6
cryptography               44.0.2
daff                       1.3.46
dbt-core                   1.5.2
dbt-extractor              0.4.1
dbt-snowflake              1.5.2
deepdiff                   7.0.1
filelock                   3.18.0
future                     1.0.0
h11                        0.14.0
hologram                   0.0.16
idna                       3.10
importlib-metadata         6.11.0
isodate                    0.6.1
jaraco.classes             3.4.0
jaraco.context             6.0.1
jaraco.functools           4.1.0
jeepney                    0.9.0
Jinja2                     3.1.2
jsonschema                 4.23.0
jsonschema-specifications  2024.10.1
keyring                    25.6.0
leather                    0.4.0
Logbook                    1.5.3
lxml                       5.3.2
MarkupSafe                 3.0.2
mashumaro                  3.6
minimal-snowplow-tracker   0.0.2
more-itertools             10.6.0
msgpack                    1.1.0
networkx                   2.8.8
numpy                      2.2.4
ordered-set                4.1.0
outcome                    1.3.0.post0
packaging                  24.2
parsedatetime              2.4
pathspec                   0.11.2
pip                        25.0.1
platformdirs               4.3.7
protobuf                   5.29.4
pycparser                  2.22
pydantic                   2.11.1
pydantic_core              2.33.0
PyJWT                      2.10.1
pyOpenSSL                  25.0.0
PySocks                    1.7.1
python-dateutil            2.8.2
python-slugify             8.0.4
pytimeparse                1.1.8
pytz                       2025.2
PyYAML                     6.0.2
referencing                0.36.2
requests                   2.32.3
rpds-py                    0.24.0
SecretStorage              3.3.3
selenium                   4.30.0
setuptools                 65.5.0
six                        1.17.0
sniffio                    1.3.1
snowflake-connector-python 3.14.0
snowplow-tracker           1.1.0
sortedcontainers           2.4.0
soupsieve                  2.6
sqlparse                   0.4.3
text-unidecode             1.3
tomlkit                    0.13.2
traitlets                  5.14.3
traittypes                 0.2.1
trio                       0.29.0
trio-websocket             0.12.2
typing_extensions          4.12.2
typing-inspection          0.4.0
urllib3                    2.3.0
websocket-client           1.8.0
Werkzeug                   2.3.8
wsproto                    1.2.0
zipp                       3.21.0
📈 Running Yahoo gainer scrape...
📡 Fetching Yahoo gainers from API...
✅ Yahoo gainer data saved to /home/ubuntu/SP25_DS5111_cbv6gd/data/ygainers_raw_20250423_0400.csv
📁 Saved Yahoo normalized data to /home/ubuntu/SP25_DS5111_cbv6gd/data/ygainers_norm_yahoo_20250423_040002.csv
📰 Running WSJ gainer scrape...
Downloading WSJ gainers data using Selenium...
✅ Saved WSJ data to /home/ubuntu/SP25_DS5111_cbv6gd/data/wsgainers_raw_20250423_0400.csv
📄 Saved WSJ normalized data to /home/ubuntu/SP25_DS5111_cbv6gd/data/wsgainers_norm_wsj_20250423_040023.csv
✅ Gainer data collected at 20250423_0400
🧠 Using Python: /home/ubuntu/SP25_DS5111_cbv6gd/env/bin/python
Package                    Version
-------------------------- -----------
agate                      1.7.0
annotated-types            0.7.0
asn1crypto                 1.5.1
attrs                      25.3.0
babel                      2.17.0
backports.tarfile          1.2.0
bcc                        0.1.10
beautifulsoup4             4.13.3
certifi                    2025.1.31
cffi                       1.17.1
charset-normalizer         3.4.1
click                      8.1.8
colorama                   0.4.6
cryptography               44.0.2
daff                       1.3.46
dbt-core                   1.5.2
dbt-extractor              0.4.1
dbt-snowflake              1.5.2
deepdiff                   7.0.1
filelock                   3.18.0
future                     1.0.0
h11                        0.14.0
hologram                   0.0.16
idna                       3.10
importlib-metadata         6.11.0
isodate                    0.6.1
jaraco.classes             3.4.0
jaraco.context             6.0.1
jaraco.functools           4.1.0
jeepney                    0.9.0
Jinja2                     3.1.2
jsonschema                 4.23.0
jsonschema-specifications  2024.10.1
keyring                    25.6.0
leather                    0.4.0
Logbook                    1.5.3
lxml                       5.3.2
MarkupSafe                 3.0.2
mashumaro                  3.6
minimal-snowplow-tracker   0.0.2
more-itertools             10.6.0
msgpack                    1.1.0
networkx                   2.8.8
numpy                      2.2.4
ordered-set                4.1.0
outcome                    1.3.0.post0
packaging                  24.2
parsedatetime              2.4
pathspec                   0.11.2
pip                        25.0.1
platformdirs               4.3.7
protobuf                   5.29.4
pycparser                  2.22
pydantic                   2.11.1
pydantic_core              2.33.0
PyJWT                      2.10.1
pyOpenSSL                  25.0.0
PySocks                    1.7.1
python-dateutil            2.8.2
python-slugify             8.0.4
pytimeparse                1.1.8
pytz                       2025.2
PyYAML                     6.0.2
referencing                0.36.2
requests                   2.32.3
rpds-py                    0.24.0
SecretStorage              3.3.3
selenium                   4.30.0
setuptools                 65.5.0
six                        1.17.0
sniffio                    1.3.1
snowflake-connector-python 3.14.0
snowplow-tracker           1.1.0
sortedcontainers           2.4.0
soupsieve                  2.6
sqlparse                   0.4.3
text-unidecode             1.3
tomlkit                    0.13.2
traitlets                  5.14.3
traittypes                 0.2.1
trio                       0.29.0
trio-websocket             0.12.2
typing_extensions          4.12.2
typing-inspection          0.4.0
urllib3                    2.3.0
websocket-client           1.8.0
Werkzeug                   2.3.8
wsproto                    1.2.0
zipp                       3.21.0
📈 Running Yahoo gainer scrape...
📡 Fetching Yahoo gainers from API...
✅ Yahoo gainer data saved to /home/ubuntu/SP25_DS5111_cbv6gd/data/ygainers_raw_20250423_0600.csv
📁 Saved Yahoo normalized data to /home/ubuntu/SP25_DS5111_cbv6gd/data/ygainers_norm_yahoo_20250423_060003.csv
📰 Running WSJ gainer scrape...
Downloading WSJ gainers data using Selenium...
✅ Saved WSJ data to /home/ubuntu/SP25_DS5111_cbv6gd/data/wsgainers_raw_20250423_0600.csv
📄 Saved WSJ normalized data to /home/ubuntu/SP25_DS5111_cbv6gd/data/wsgainers_norm_wsj_20250423_060024.csv
✅ Gainer data collected at 20250423_0600
🧠 Using Python: /home/ubuntu/SP25_DS5111_cbv6gd/env/bin/python
Package                    Version
-------------------------- -----------
agate                      1.7.0
annotated-types            0.7.0
asn1crypto                 1.5.1
attrs                      25.3.0
babel                      2.17.0
backports.tarfile          1.2.0
bcc                        0.1.10
beautifulsoup4             4.13.3
certifi                    2025.1.31
cffi                       1.17.1
charset-normalizer         3.4.1
click                      8.1.8
colorama                   0.4.6
cryptography               44.0.2
daff                       1.3.46
dbt-core                   1.5.2
dbt-extractor              0.4.1
dbt-snowflake              1.5.2
deepdiff                   7.0.1
filelock                   3.18.0
future                     1.0.0
h11                        0.14.0
hologram                   0.0.16
idna                       3.10
importlib-metadata         6.11.0
isodate                    0.6.1
jaraco.classes             3.4.0
jaraco.context             6.0.1
jaraco.functools           4.1.0
jeepney                    0.9.0
Jinja2                     3.1.2
jsonschema                 4.23.0
jsonschema-specifications  2024.10.1
keyring                    25.6.0
leather                    0.4.0
Logbook                    1.5.3
lxml                       5.3.2
MarkupSafe                 3.0.2
mashumaro                  3.6
minimal-snowplow-tracker   0.0.2
more-itertools             10.6.0
msgpack                    1.1.0
networkx                   2.8.8
numpy                      2.2.4
ordered-set                4.1.0
outcome                    1.3.0.post0
packaging                  24.2
parsedatetime              2.4
pathspec                   0.11.2
pip                        25.0.1
platformdirs               4.3.7
protobuf                   5.29.4
pycparser                  2.22
pydantic                   2.11.1
pydantic_core              2.33.0
PyJWT                      2.10.1
pyOpenSSL                  25.0.0
PySocks                    1.7.1
python-dateutil            2.8.2
python-slugify             8.0.4
pytimeparse                1.1.8
pytz                       2025.2
PyYAML                     6.0.2
referencing                0.36.2
requests                   2.32.3
rpds-py                    0.24.0
SecretStorage              3.3.3
selenium                   4.30.0
setuptools                 65.5.0
six                        1.17.0
sniffio                    1.3.1
snowflake-connector-python 3.14.0
snowplow-tracker           1.1.0
sortedcontainers           2.4.0
soupsieve                  2.6
sqlparse                   0.4.3
text-unidecode             1.3
tomlkit                    0.13.2
traitlets                  5.14.3
traittypes                 0.2.1
trio                       0.29.0
trio-websocket             0.12.2
typing_extensions          4.12.2
typing-inspection          0.4.0
urllib3                    2.3.0
websocket-client           1.8.0
Werkzeug                   2.3.8
wsproto                    1.2.0
zipp                       3.21.0
📈 Running Yahoo gainer scrape...
📡 Fetching Yahoo gainers from API...
✅ Yahoo gainer data saved to /home/ubuntu/SP25_DS5111_cbv6gd/data/ygainers_raw_20250423_0800.csv
📁 Saved Yahoo normalized data to /home/ubuntu/SP25_DS5111_cbv6gd/data/ygainers_norm_yahoo_20250423_080002.csv
📰 Running WSJ gainer scrape...
Downloading WSJ gainers data using Selenium...
✅ Saved WSJ data to /home/ubuntu/SP25_DS5111_cbv6gd/data/wsgainers_raw_20250423_0800.csv
📄 Saved WSJ normalized data to /home/ubuntu/SP25_DS5111_cbv6gd/data/wsgainers_norm_wsj_20250423_080023.csv
✅ Gainer data collected at 20250423_0800
🧠 Using Python: /home/ubuntu/SP25_DS5111_cbv6gd/env/bin/python
Package                    Version
-------------------------- -----------
agate                      1.7.0
annotated-types            0.7.0
asn1crypto                 1.5.1
attrs                      25.3.0
babel                      2.17.0
backports.tarfile          1.2.0
bcc                        0.1.10
beautifulsoup4             4.13.3
certifi                    2025.1.31
cffi                       1.17.1
charset-normalizer         3.4.1
click                      8.1.8
colorama                   0.4.6
cryptography               44.0.2
daff                       1.3.46
dbt-core                   1.5.2
dbt-extractor              0.4.1
dbt-snowflake              1.5.2
deepdiff                   7.0.1
filelock                   3.18.0
future                     1.0.0
h11                        0.14.0
hologram                   0.0.16
idna                       3.10
importlib-metadata         6.11.0
isodate                    0.6.1
jaraco.classes             3.4.0
jaraco.context             6.0.1
jaraco.functools           4.1.0
jeepney                    0.9.0
Jinja2                     3.1.2
jsonschema                 4.23.0
jsonschema-specifications  2024.10.1
keyring                    25.6.0
leather                    0.4.0
Logbook                    1.5.3
lxml                       5.3.2
MarkupSafe                 3.0.2
mashumaro                  3.6
minimal-snowplow-tracker   0.0.2
more-itertools             10.6.0
msgpack                    1.1.0
networkx                   2.8.8
numpy                      2.2.4
ordered-set                4.1.0
outcome                    1.3.0.post0
packaging                  24.2
parsedatetime              2.4
pathspec                   0.11.2
pip                        25.0.1
platformdirs               4.3.7
protobuf                   5.29.4
pycparser                  2.22
pydantic                   2.11.1
pydantic_core              2.33.0
PyJWT                      2.10.1
pyOpenSSL                  25.0.0
PySocks                    1.7.1
python-dateutil            2.8.2
python-slugify             8.0.4
pytimeparse                1.1.8
pytz                       2025.2
PyYAML                     6.0.2
referencing                0.36.2
requests                   2.32.3
rpds-py                    0.24.0
SecretStorage              3.3.3
selenium                   4.30.0
setuptools                 65.5.0
six                        1.17.0
sniffio                    1.3.1
snowflake-connector-python 3.14.0
snowplow-tracker           1.1.0
sortedcontainers           2.4.0
soupsieve                  2.6
sqlparse                   0.4.3
text-unidecode             1.3
tomlkit                    0.13.2
traitlets                  5.14.3
traittypes                 0.2.1
trio                       0.29.0
trio-websocket             0.12.2
typing_extensions          4.12.2
typing-inspection          0.4.0
urllib3                    2.3.0
websocket-client           1.8.0
Werkzeug                   2.3.8
wsproto                    1.2.0
zipp                       3.21.0
📈 Running Yahoo gainer scrape...
📡 Fetching Yahoo gainers from API...
✅ Yahoo gainer data saved to /home/ubuntu/SP25_DS5111_cbv6gd/data/ygainers_raw_20250423_1000.csv
📁 Saved Yahoo normalized data to /home/ubuntu/SP25_DS5111_cbv6gd/data/ygainers_norm_yahoo_20250423_100003.csv
📰 Running WSJ gainer scrape...
Downloading WSJ gainers data using Selenium...
✅ Saved WSJ data to /home/ubuntu/SP25_DS5111_cbv6gd/data/wsgainers_raw_20250423_1000.csv
📄 Saved WSJ normalized data to /home/ubuntu/SP25_DS5111_cbv6gd/data/wsgainers_norm_wsj_20250423_100023.csv
✅ Gainer data collected at 20250423_1000
🧠 Using Python: /home/ubuntu/SP25_DS5111_cbv6gd/env/bin/python
Package                    Version
-------------------------- -----------
agate                      1.7.0
annotated-types            0.7.0
asn1crypto                 1.5.1
attrs                      25.3.0
babel                      2.17.0
backports.tarfile          1.2.0
bcc                        0.1.10
beautifulsoup4             4.13.3
certifi                    2025.1.31
cffi                       1.17.1
charset-normalizer         3.4.1
click                      8.1.8
colorama                   0.4.6
cryptography               44.0.2
daff                       1.3.46
dbt-core                   1.5.2
dbt-extractor              0.4.1
dbt-snowflake              1.5.2
deepdiff                   7.0.1
filelock                   3.18.0
future                     1.0.0
h11                        0.14.0
hologram                   0.0.16
idna                       3.10
importlib-metadata         6.11.0
isodate                    0.6.1
jaraco.classes             3.4.0
jaraco.context             6.0.1
jaraco.functools           4.1.0
jeepney                    0.9.0
Jinja2                     3.1.2
jsonschema                 4.23.0
jsonschema-specifications  2024.10.1
keyring                    25.6.0
leather                    0.4.0
Logbook                    1.5.3
lxml                       5.3.2
MarkupSafe                 3.0.2
mashumaro                  3.6
minimal-snowplow-tracker   0.0.2
more-itertools             10.6.0
msgpack                    1.1.0
networkx                   2.8.8
numpy                      2.2.4
ordered-set                4.1.0
outcome                    1.3.0.post0
packaging                  24.2
parsedatetime              2.4
pathspec                   0.11.2
pip                        25.0.1
platformdirs               4.3.7
protobuf                   5.29.4
pycparser                  2.22
pydantic                   2.11.1
pydantic_core              2.33.0
PyJWT                      2.10.1
pyOpenSSL                  25.0.0
PySocks                    1.7.1
python-dateutil            2.8.2
python-slugify             8.0.4
pytimeparse                1.1.8
pytz                       2025.2
PyYAML                     6.0.2
referencing                0.36.2
requests                   2.32.3
rpds-py                    0.24.0
SecretStorage              3.3.3
selenium                   4.30.0
setuptools                 65.5.0
six                        1.17.0
sniffio                    1.3.1
snowflake-connector-python 3.14.0
snowplow-tracker           1.1.0
sortedcontainers           2.4.0
soupsieve                  2.6
sqlparse                   0.4.3
text-unidecode             1.3
tomlkit                    0.13.2
traitlets                  5.14.3
traittypes                 0.2.1
trio                       0.29.0
trio-websocket             0.12.2
typing_extensions          4.12.2
typing-inspection          0.4.0
urllib3                    2.3.0
websocket-client           1.8.0
Werkzeug                   2.3.8
wsproto                    1.2.0
zipp                       3.21.0
📈 Running Yahoo gainer scrape...
📡 Fetching Yahoo gainers from API...
✅ Yahoo gainer data saved to /home/ubuntu/SP25_DS5111_cbv6gd/data/ygainers_raw_20250423_1200.csv
📁 Saved Yahoo normalized data to /home/ubuntu/SP25_DS5111_cbv6gd/data/ygainers_norm_yahoo_20250423_120003.csv
📰 Running WSJ gainer scrape...
Downloading WSJ gainers data using Selenium...
✅ Saved WSJ data to /home/ubuntu/SP25_DS5111_cbv6gd/data/wsgainers_raw_20250423_1200.csv
📄 Saved WSJ normalized data to /home/ubuntu/SP25_DS5111_cbv6gd/data/wsgainers_norm_wsj_20250423_120024.csv
✅ Gainer data collected at 20250423_1200
🧠 Using Python: /home/ubuntu/SP25_DS5111_cbv6gd/env/bin/python
Package                    Version
-------------------------- -----------
agate                      1.7.0
annotated-types            0.7.0
asn1crypto                 1.5.1
attrs                      25.3.0
babel                      2.17.0
backports.tarfile          1.2.0
bcc                        0.1.10
beautifulsoup4             4.13.3
certifi                    2025.1.31
cffi                       1.17.1
charset-normalizer         3.4.1
click                      8.1.8
colorama                   0.4.6
cryptography               44.0.2
daff                       1.3.46
dbt-core                   1.5.2
dbt-extractor              0.4.1
dbt-snowflake              1.5.2
deepdiff                   7.0.1
filelock                   3.18.0
future                     1.0.0
h11                        0.14.0
hologram                   0.0.16
idna                       3.10
importlib-metadata         6.11.0
isodate                    0.6.1
jaraco.classes             3.4.0
jaraco.context             6.0.1
jaraco.functools           4.1.0
jeepney                    0.9.0
Jinja2                     3.1.2
jsonschema                 4.23.0
jsonschema-specifications  2024.10.1
keyring                    25.6.0
leather                    0.4.0
Logbook                    1.5.3
lxml                       5.3.2
MarkupSafe                 3.0.2
mashumaro                  3.6
minimal-snowplow-tracker   0.0.2
more-itertools             10.6.0
msgpack                    1.1.0
networkx                   2.8.8
numpy                      2.2.4
ordered-set                4.1.0
outcome                    1.3.0.post0
packaging                  24.2
parsedatetime              2.4
pathspec                   0.11.2
pip                        25.0.1
platformdirs               4.3.7
protobuf                   5.29.4
pycparser                  2.22
pydantic                   2.11.1
pydantic_core              2.33.0
PyJWT                      2.10.1
pyOpenSSL                  25.0.0
PySocks                    1.7.1
python-dateutil            2.8.2
python-slugify             8.0.4
pytimeparse                1.1.8
pytz                       2025.2
PyYAML                     6.0.2
referencing                0.36.2
requests                   2.32.3
rpds-py                    0.24.0
SecretStorage              3.3.3
selenium                   4.30.0
setuptools                 65.5.0
six                        1.17.0
sniffio                    1.3.1
snowflake-connector-python 3.14.0
snowplow-tracker           1.1.0
sortedcontainers           2.4.0
soupsieve                  2.6
sqlparse                   0.4.3
text-unidecode             1.3
tomlkit                    0.13.2
traitlets                  5.14.3
traittypes                 0.2.1
trio                       0.29.0
trio-websocket             0.12.2
typing_extensions          4.12.2
typing-inspection          0.4.0
urllib3                    2.3.0
websocket-client           1.8.0
Werkzeug                   2.3.8
wsproto                    1.2.0
zipp                       3.21.0
📈 Running Yahoo gainer scrape...
📡 Fetching Yahoo gainers from API...
✅ Yahoo gainer data saved to /home/ubuntu/SP25_DS5111_cbv6gd/data/ygainers_raw_20250423_1400.csv
📁 Saved Yahoo normalized data to /home/ubuntu/SP25_DS5111_cbv6gd/data/ygainers_norm_yahoo_20250423_140002.csv
📰 Running WSJ gainer scrape...
Downloading WSJ gainers data using Selenium...
✅ Saved WSJ data to /home/ubuntu/SP25_DS5111_cbv6gd/data/wsgainers_raw_20250423_1400.csv
📄 Saved WSJ normalized data to /home/ubuntu/SP25_DS5111_cbv6gd/data/wsgainers_norm_wsj_20250423_140023.csv
✅ Gainer data collected at 20250423_1400
🧠 Using Python: /home/ubuntu/SP25_DS5111_cbv6gd/env/bin/python
Package                    Version
-------------------------- -----------
agate                      1.7.0
annotated-types            0.7.0
asn1crypto                 1.5.1
attrs                      25.3.0
babel                      2.17.0
backports.tarfile          1.2.0
bcc                        0.1.10
beautifulsoup4             4.13.3
certifi                    2025.1.31
cffi                       1.17.1
charset-normalizer         3.4.1
click                      8.1.8
colorama                   0.4.6
cryptography               44.0.2
daff                       1.3.46
dbt-core                   1.5.2
dbt-extractor              0.4.1
dbt-snowflake              1.5.2
deepdiff                   7.0.1
filelock                   3.18.0
future                     1.0.0
h11                        0.14.0
hologram                   0.0.16
idna                       3.10
importlib-metadata         6.11.0
isodate                    0.6.1
jaraco.classes             3.4.0
jaraco.context             6.0.1
jaraco.functools           4.1.0
jeepney                    0.9.0
Jinja2                     3.1.2
jsonschema                 4.23.0
jsonschema-specifications  2024.10.1
keyring                    25.6.0
leather                    0.4.0
Logbook                    1.5.3
lxml                       5.3.2
MarkupSafe                 3.0.2
mashumaro                  3.6
minimal-snowplow-tracker   0.0.2
more-itertools             10.6.0
msgpack                    1.1.0
networkx                   2.8.8
numpy                      2.2.4
ordered-set                4.1.0
outcome                    1.3.0.post0
packaging                  24.2
parsedatetime              2.4
pathspec                   0.11.2
pip                        25.0.1
platformdirs               4.3.7
protobuf                   5.29.4
pycparser                  2.22
pydantic                   2.11.1
pydantic_core              2.33.0
PyJWT                      2.10.1
pyOpenSSL                  25.0.0
PySocks                    1.7.1
python-dateutil            2.8.2
python-slugify             8.0.4
pytimeparse                1.1.8
pytz                       2025.2
PyYAML                     6.0.2
referencing                0.36.2
requests                   2.32.3
rpds-py                    0.24.0
SecretStorage              3.3.3
selenium                   4.30.0
setuptools                 65.5.0
six                        1.17.0
sniffio                    1.3.1
snowflake-connector-python 3.14.0
snowplow-tracker           1.1.0
sortedcontainers           2.4.0
soupsieve                  2.6
sqlparse                   0.4.3
text-unidecode             1.3
tomlkit                    0.13.2
traitlets                  5.14.3
traittypes                 0.2.1
trio                       0.29.0
trio-websocket             0.12.2
typing_extensions          4.12.2
typing-inspection          0.4.0
urllib3                    2.3.0
websocket-client           1.8.0
Werkzeug                   2.3.8
wsproto                    1.2.0
zipp                       3.21.0
📈 Running Yahoo gainer scrape...
📡 Fetching Yahoo gainers from API...
✅ Yahoo gainer data saved to /home/ubuntu/SP25_DS5111_cbv6gd/data/ygainers_raw_20250423_1600.csv
📁 Saved Yahoo normalized data to /home/ubuntu/SP25_DS5111_cbv6gd/data/ygainers_norm_yahoo_20250423_160002.csv
📰 Running WSJ gainer scrape...
Downloading WSJ gainers data using Selenium...
✅ Saved WSJ data to /home/ubuntu/SP25_DS5111_cbv6gd/data/wsgainers_raw_20250423_1600.csv
📄 Saved WSJ normalized data to /home/ubuntu/SP25_DS5111_cbv6gd/data/wsgainers_norm_wsj_20250423_160022.csv
✅ Gainer data collected at 20250423_1600
🧠 Using Python: /home/ubuntu/SP25_DS5111_cbv6gd/env/bin/python
Package                    Version
-------------------------- -----------
agate                      1.7.0
annotated-types            0.7.0
asn1crypto                 1.5.1
attrs                      25.3.0
babel                      2.17.0
backports.tarfile          1.2.0
bcc                        0.1.10
beautifulsoup4             4.13.3
certifi                    2025.1.31
cffi                       1.17.1
charset-normalizer         3.4.1
click                      8.1.8
colorama                   0.4.6
cryptography               44.0.2
daff                       1.3.46
dbt-core                   1.5.2
dbt-extractor              0.4.1
dbt-snowflake              1.5.2
deepdiff                   7.0.1
filelock                   3.18.0
future                     1.0.0
h11                        0.14.0
hologram                   0.0.16
idna                       3.10
importlib-metadata         6.11.0
isodate                    0.6.1
jaraco.classes             3.4.0
jaraco.context             6.0.1
jaraco.functools           4.1.0
jeepney                    0.9.0
Jinja2                     3.1.2
jsonschema                 4.23.0
jsonschema-specifications  2024.10.1
keyring                    25.6.0
leather                    0.4.0
Logbook                    1.5.3
lxml                       5.3.2
MarkupSafe                 3.0.2
mashumaro                  3.6
minimal-snowplow-tracker   0.0.2
more-itertools             10.6.0
msgpack                    1.1.0
networkx                   2.8.8
numpy                      2.2.4
ordered-set                4.1.0
outcome                    1.3.0.post0
packaging                  24.2
parsedatetime              2.4
pathspec                   0.11.2
pip                        25.0.1
platformdirs               4.3.7
protobuf                   5.29.4
pycparser                  2.22
pydantic                   2.11.1
pydantic_core              2.33.0
PyJWT                      2.10.1
pyOpenSSL                  25.0.0
PySocks                    1.7.1
python-dateutil            2.8.2
python-slugify             8.0.4
pytimeparse                1.1.8
pytz                       2025.2
PyYAML                     6.0.2
referencing                0.36.2
requests                   2.32.3
rpds-py                    0.24.0
SecretStorage              3.3.3
selenium                   4.30.0
setuptools                 65.5.0
six                        1.17.0
sniffio                    1.3.1
snowflake-connector-python 3.14.0
snowplow-tracker           1.1.0
sortedcontainers           2.4.0
soupsieve                  2.6
sqlparse                   0.4.3
text-unidecode             1.3
tomlkit                    0.13.2
traitlets                  5.14.3
traittypes                 0.2.1
trio                       0.29.0
trio-websocket             0.12.2
typing_extensions          4.12.2
typing-inspection          0.4.0
urllib3                    2.3.0
websocket-client           1.8.0
Werkzeug                   2.3.8
wsproto                    1.2.0
zipp                       3.21.0
📈 Running Yahoo gainer scrape...
📡 Fetching Yahoo gainers from API...
✅ Yahoo gainer data saved to /home/ubuntu/SP25_DS5111_cbv6gd/data/ygainers_raw_20250423_1800.csv
📁 Saved Yahoo normalized data to /home/ubuntu/SP25_DS5111_cbv6gd/data/ygainers_norm_yahoo_20250423_180003.csv
📰 Running WSJ gainer scrape...
Downloading WSJ gainers data using Selenium...
✅ Saved WSJ data to /home/ubuntu/SP25_DS5111_cbv6gd/data/wsgainers_raw_20250423_1800.csv
📄 Saved WSJ normalized data to /home/ubuntu/SP25_DS5111_cbv6gd/data/wsgainers_norm_wsj_20250423_180022.csv
✅ Gainer data collected at 20250423_1800
🧠 Using Python: /home/ubuntu/SP25_DS5111_cbv6gd/env/bin/python
Package                    Version
-------------------------- -----------
agate                      1.7.0
annotated-types            0.7.0
asn1crypto                 1.5.1
attrs                      25.3.0
babel                      2.17.0
backports.tarfile          1.2.0
bcc                        0.1.10
beautifulsoup4             4.13.3
certifi                    2025.1.31
cffi                       1.17.1
charset-normalizer         3.4.1
click                      8.1.8
colorama                   0.4.6
cryptography               44.0.2
daff                       1.3.46
dbt-core                   1.5.2
dbt-extractor              0.4.1
dbt-snowflake              1.5.2
deepdiff                   7.0.1
filelock                   3.18.0
future                     1.0.0
h11                        0.14.0
hologram                   0.0.16
idna                       3.10
importlib-metadata         6.11.0
isodate                    0.6.1
jaraco.classes             3.4.0
jaraco.context             6.0.1
jaraco.functools           4.1.0
jeepney                    0.9.0
Jinja2                     3.1.2
jsonschema                 4.23.0
jsonschema-specifications  2024.10.1
keyring                    25.6.0
leather                    0.4.0
Logbook                    1.5.3
lxml                       5.3.2
MarkupSafe                 3.0.2
mashumaro                  3.6
minimal-snowplow-tracker   0.0.2
more-itertools             10.6.0
msgpack                    1.1.0
networkx                   2.8.8
numpy                      2.2.4
ordered-set                4.1.0
outcome                    1.3.0.post0
packaging                  24.2
parsedatetime              2.4
pathspec                   0.11.2
pip                        25.0.1
platformdirs               4.3.7
protobuf                   5.29.4
pycparser                  2.22
pydantic                   2.11.1
pydantic_core              2.33.0
PyJWT                      2.10.1
pyOpenSSL                  25.0.0
PySocks                    1.7.1
python-dateutil            2.8.2
python-slugify             8.0.4
pytimeparse                1.1.8
pytz                       2025.2
PyYAML                     6.0.2
referencing                0.36.2
requests                   2.32.3
rpds-py                    0.24.0
SecretStorage              3.3.3
selenium                   4.30.0
setuptools                 65.5.0
six                        1.17.0
sniffio                    1.3.1
snowflake-connector-python 3.14.0
snowplow-tracker           1.1.0
sortedcontainers           2.4.0
soupsieve                  2.6
sqlparse                   0.4.3
text-unidecode             1.3
tomlkit                    0.13.2
traitlets                  5.14.3
traittypes                 0.2.1
trio                       0.29.0
trio-websocket             0.12.2
typing_extensions          4.12.2
typing-inspection          0.4.0
urllib3                    2.3.0
websocket-client           1.8.0
Werkzeug                   2.3.8
wsproto                    1.2.0
zipp                       3.21.0
📈 Running Yahoo gainer scrape...
📡 Fetching Yahoo gainers from API...
✅ Yahoo gainer data saved to /home/ubuntu/SP25_DS5111_cbv6gd/data/ygainers_raw_20250423_2000.csv
📁 Saved Yahoo normalized data to /home/ubuntu/SP25_DS5111_cbv6gd/data/ygainers_norm_yahoo_20250423_200002.csv
📰 Running WSJ gainer scrape...
Downloading WSJ gainers data using Selenium...
✅ Saved WSJ data to /home/ubuntu/SP25_DS5111_cbv6gd/data/wsgainers_raw_20250423_2000.csv
📄 Saved WSJ normalized data to /home/ubuntu/SP25_DS5111_cbv6gd/data/wsgainers_norm_wsj_20250423_200023.csv
✅ Gainer data collected at 20250423_2000
🧠 Using Python: /home/ubuntu/SP25_DS5111_cbv6gd/env/bin/python
Package                    Version
-------------------------- -----------
agate                      1.7.0
annotated-types            0.7.0
asn1crypto                 1.5.1
attrs                      25.3.0
babel                      2.17.0
backports.tarfile          1.2.0
bcc                        0.1.10
beautifulsoup4             4.13.3
certifi                    2025.1.31
cffi                       1.17.1
charset-normalizer         3.4.1
click                      8.1.8
colorama                   0.4.6
cryptography               44.0.2
daff                       1.3.46
dbt-core                   1.5.2
dbt-extractor              0.4.1
dbt-snowflake              1.5.2
deepdiff                   7.0.1
filelock                   3.18.0
future                     1.0.0
h11                        0.14.0
hologram                   0.0.16
idna                       3.10
importlib-metadata         6.11.0
isodate                    0.6.1
jaraco.classes             3.4.0
jaraco.context             6.0.1
jaraco.functools           4.1.0
jeepney                    0.9.0
Jinja2                     3.1.2
jsonschema                 4.23.0
jsonschema-specifications  2024.10.1
keyring                    25.6.0
leather                    0.4.0
Logbook                    1.5.3
lxml                       5.3.2
MarkupSafe                 3.0.2
mashumaro                  3.6
minimal-snowplow-tracker   0.0.2
more-itertools             10.6.0
msgpack                    1.1.0
networkx                   2.8.8
numpy                      2.2.4
ordered-set                4.1.0
outcome                    1.3.0.post0
packaging                  24.2
parsedatetime              2.4
pathspec                   0.11.2
pip                        25.0.1
platformdirs               4.3.7
protobuf                   5.29.4
pycparser                  2.22
pydantic                   2.11.1
pydantic_core              2.33.0
PyJWT                      2.10.1
pyOpenSSL                  25.0.0
PySocks                    1.7.1
python-dateutil            2.8.2
python-slugify             8.0.4
pytimeparse                1.1.8
pytz                       2025.2
PyYAML                     6.0.2
referencing                0.36.2
requests                   2.32.3
rpds-py                    0.24.0
SecretStorage              3.3.3
selenium                   4.30.0
setuptools                 65.5.0
six                        1.17.0
sniffio                    1.3.1
snowflake-connector-python 3.14.0
snowplow-tracker           1.1.0
sortedcontainers           2.4.0
soupsieve                  2.6
sqlparse                   0.4.3
text-unidecode             1.3
tomlkit                    0.13.2
traitlets                  5.14.3
traittypes                 0.2.1
trio                       0.29.0
trio-websocket             0.12.2
typing_extensions          4.12.2
typing-inspection          0.4.0
urllib3                    2.3.0
websocket-client           1.8.0
Werkzeug                   2.3.8
wsproto                    1.2.0
zipp                       3.21.0
📈 Running Yahoo gainer scrape...
📡 Fetching Yahoo gainers from API...
✅ Yahoo gainer data saved to /home/ubuntu/SP25_DS5111_cbv6gd/data/ygainers_raw_20250423_2200.csv
📁 Saved Yahoo normalized data to /home/ubuntu/SP25_DS5111_cbv6gd/data/ygainers_norm_yahoo_20250423_220003.csv
📰 Running WSJ gainer scrape...
Downloading WSJ gainers data using Selenium...
✅ Saved WSJ data to /home/ubuntu/SP25_DS5111_cbv6gd/data/wsgainers_raw_20250423_2200.csv
📄 Saved WSJ normalized data to /home/ubuntu/SP25_DS5111_cbv6gd/data/wsgainers_norm_wsj_20250423_220025.csv
✅ Gainer data collected at 20250423_2200
🧠 Using Python: /home/ubuntu/SP25_DS5111_cbv6gd/env/bin/python
Package                    Version
-------------------------- -----------
agate                      1.7.0
annotated-types            0.7.0
asn1crypto                 1.5.1
attrs                      25.3.0
babel                      2.17.0
backports.tarfile          1.2.0
bcc                        0.1.10
beautifulsoup4             4.13.3
certifi                    2025.1.31
cffi                       1.17.1
charset-normalizer         3.4.1
click                      8.1.8
colorama                   0.4.6
cryptography               44.0.2
daff                       1.3.46
dbt-core                   1.5.2
dbt-extractor              0.4.1
dbt-snowflake              1.5.2
deepdiff                   7.0.1
filelock                   3.18.0
future                     1.0.0
h11                        0.14.0
hologram                   0.0.16
idna                       3.10
importlib-metadata         6.11.0
isodate                    0.6.1
jaraco.classes             3.4.0
jaraco.context             6.0.1
jaraco.functools           4.1.0
jeepney                    0.9.0
Jinja2                     3.1.2
jsonschema                 4.23.0
jsonschema-specifications  2024.10.1
keyring                    25.6.0
leather                    0.4.0
Logbook                    1.5.3
lxml                       5.3.2
MarkupSafe                 3.0.2
mashumaro                  3.6
minimal-snowplow-tracker   0.0.2
more-itertools             10.6.0
msgpack                    1.1.0
networkx                   2.8.8
numpy                      2.2.4
ordered-set                4.1.0
outcome                    1.3.0.post0
packaging                  24.2
parsedatetime              2.4
pathspec                   0.11.2
pip                        25.0.1
platformdirs               4.3.7
protobuf                   5.29.4
pycparser                  2.22
pydantic                   2.11.1
pydantic_core              2.33.0
PyJWT                      2.10.1
pyOpenSSL                  25.0.0
PySocks                    1.7.1
python-dateutil            2.8.2
python-slugify             8.0.4
pytimeparse                1.1.8
pytz                       2025.2
PyYAML                     6.0.2
referencing                0.36.2
requests                   2.32.3
rpds-py                    0.24.0
SecretStorage              3.3.3
selenium                   4.30.0
setuptools                 65.5.0
six                        1.17.0
sniffio                    1.3.1
snowflake-connector-python 3.14.0
snowplow-tracker           1.1.0
sortedcontainers           2.4.0
soupsieve                  2.6
sqlparse                   0.4.3
text-unidecode             1.3
tomlkit                    0.13.2
traitlets                  5.14.3
traittypes                 0.2.1
trio                       0.29.0
trio-websocket             0.12.2
typing_extensions          4.12.2
typing-inspection          0.4.0
urllib3                    2.3.0
websocket-client           1.8.0
Werkzeug                   2.3.8
wsproto                    1.2.0
zipp                       3.21.0
📈 Running Yahoo gainer scrape...
📡 Fetching Yahoo gainers from API...
✅ Yahoo gainer data saved to /home/ubuntu/SP25_DS5111_cbv6gd/data/ygainers_raw_20250424_0000.csv
📁 Saved Yahoo normalized data to /home/ubuntu/SP25_DS5111_cbv6gd/data/ygainers_norm_yahoo_20250424_000003.csv
📰 Running WSJ gainer scrape...
Downloading WSJ gainers data using Selenium...
✅ Saved WSJ data to /home/ubuntu/SP25_DS5111_cbv6gd/data/wsgainers_raw_20250424_0000.csv
📄 Saved WSJ normalized data to /home/ubuntu/SP25_DS5111_cbv6gd/data/wsgainers_norm_wsj_20250424_000024.csv
✅ Gainer data collected at 20250424_0000
🧠 Using Python: /home/ubuntu/SP25_DS5111_cbv6gd/env/bin/python
Package                    Version
-------------------------- -----------
agate                      1.7.0
annotated-types            0.7.0
asn1crypto                 1.5.1
attrs                      25.3.0
babel                      2.17.0
backports.tarfile          1.2.0
bcc                        0.1.10
beautifulsoup4             4.13.3
certifi                    2025.1.31
cffi                       1.17.1
charset-normalizer         3.4.1
click                      8.1.8
colorama                   0.4.6
cryptography               44.0.2
daff                       1.3.46
dbt-core                   1.5.2
dbt-extractor              0.4.1
dbt-snowflake              1.5.2
deepdiff                   7.0.1
filelock                   3.18.0
future                     1.0.0
h11                        0.14.0
hologram                   0.0.16
idna                       3.10
importlib-metadata         6.11.0
isodate                    0.6.1
jaraco.classes             3.4.0
jaraco.context             6.0.1
jaraco.functools           4.1.0
jeepney                    0.9.0
Jinja2                     3.1.2
jsonschema                 4.23.0
jsonschema-specifications  2024.10.1
keyring                    25.6.0
leather                    0.4.0
Logbook                    1.5.3
lxml                       5.3.2
MarkupSafe                 3.0.2
mashumaro                  3.6
minimal-snowplow-tracker   0.0.2
more-itertools             10.6.0
msgpack                    1.1.0
networkx                   2.8.8
numpy                      2.2.4
ordered-set                4.1.0
outcome                    1.3.0.post0
packaging                  24.2
parsedatetime              2.4
pathspec                   0.11.2
pip                        25.0.1
platformdirs               4.3.7
protobuf                   5.29.4
pycparser                  2.22
pydantic                   2.11.1
pydantic_core              2.33.0
PyJWT                      2.10.1
pyOpenSSL                  25.0.0
PySocks                    1.7.1
python-dateutil            2.8.2
python-slugify             8.0.4
pytimeparse                1.1.8
pytz                       2025.2
PyYAML                     6.0.2
referencing                0.36.2
requests                   2.32.3
rpds-py                    0.24.0
SecretStorage              3.3.3
selenium                   4.30.0
setuptools                 65.5.0
six                        1.17.0
sniffio                    1.3.1
snowflake-connector-python 3.14.0
snowplow-tracker           1.1.0
sortedcontainers           2.4.0
soupsieve                  2.6
sqlparse                   0.4.3
text-unidecode             1.3
tomlkit                    0.13.2
traitlets                  5.14.3
traittypes                 0.2.1
trio                       0.29.0
trio-websocket             0.12.2
typing_extensions          4.12.2
typing-inspection          0.4.0
urllib3                    2.3.0
websocket-client           1.8.0
Werkzeug                   2.3.8
wsproto                    1.2.0
zipp                       3.21.0
📈 Running Yahoo gainer scrape...
📡 Fetching Yahoo gainers from API...
✅ Yahoo gainer data saved to /home/ubuntu/SP25_DS5111_cbv6gd/data/ygainers_raw_20250424_0200.csv
📁 Saved Yahoo normalized data to /home/ubuntu/SP25_DS5111_cbv6gd/data/ygainers_norm_yahoo_20250424_020003.csv
📰 Running WSJ gainer scrape...
Downloading WSJ gainers data using Selenium...
✅ Saved WSJ data to /home/ubuntu/SP25_DS5111_cbv6gd/data/wsgainers_raw_20250424_0200.csv
📄 Saved WSJ normalized data to /home/ubuntu/SP25_DS5111_cbv6gd/data/wsgainers_norm_wsj_20250424_020023.csv
✅ Gainer data collected at 20250424_0200
🧠 Using Python: /home/ubuntu/SP25_DS5111_cbv6gd/env/bin/python
Package                    Version
-------------------------- -----------
agate                      1.7.0
annotated-types            0.7.0
asn1crypto                 1.5.1
attrs                      25.3.0
babel                      2.17.0
backports.tarfile          1.2.0
bcc                        0.1.10
beautifulsoup4             4.13.3
certifi                    2025.1.31
cffi                       1.17.1
charset-normalizer         3.4.1
click                      8.1.8
colorama                   0.4.6
cryptography               44.0.2
daff                       1.3.46
dbt-core                   1.5.2
dbt-extractor              0.4.1
dbt-snowflake              1.5.2
deepdiff                   7.0.1
filelock                   3.18.0
future                     1.0.0
h11                        0.14.0
hologram                   0.0.16
idna                       3.10
importlib-metadata         6.11.0
isodate                    0.6.1
jaraco.classes             3.4.0
jaraco.context             6.0.1
jaraco.functools           4.1.0
jeepney                    0.9.0
Jinja2                     3.1.2
jsonschema                 4.23.0
jsonschema-specifications  2024.10.1
keyring                    25.6.0
leather                    0.4.0
Logbook                    1.5.3
lxml                       5.3.2
MarkupSafe                 3.0.2
mashumaro                  3.6
minimal-snowplow-tracker   0.0.2
more-itertools             10.6.0
msgpack                    1.1.0
networkx                   2.8.8
numpy                      2.2.4
ordered-set                4.1.0
outcome                    1.3.0.post0
packaging                  24.2
parsedatetime              2.4
pathspec                   0.11.2
pip                        25.0.1
platformdirs               4.3.7
protobuf                   5.29.4
pycparser                  2.22
pydantic                   2.11.1
pydantic_core              2.33.0
PyJWT                      2.10.1
pyOpenSSL                  25.0.0
PySocks                    1.7.1
python-dateutil            2.8.2
python-slugify             8.0.4
pytimeparse                1.1.8
pytz                       2025.2
PyYAML                     6.0.2
referencing                0.36.2
requests                   2.32.3
rpds-py                    0.24.0
SecretStorage              3.3.3
selenium                   4.30.0
setuptools                 65.5.0
six                        1.17.0
sniffio                    1.3.1
snowflake-connector-python 3.14.0
snowplow-tracker           1.1.0
sortedcontainers           2.4.0
soupsieve                  2.6
sqlparse                   0.4.3
text-unidecode             1.3
tomlkit                    0.13.2
traitlets                  5.14.3
traittypes                 0.2.1
trio                       0.29.0
trio-websocket             0.12.2
typing_extensions          4.12.2
typing-inspection          0.4.0
urllib3                    2.3.0
websocket-client           1.8.0
Werkzeug                   2.3.8
wsproto                    1.2.0
zipp                       3.21.0
📈 Running Yahoo gainer scrape...
📡 Fetching Yahoo gainers from API...
✅ Yahoo gainer data saved to /home/ubuntu/SP25_DS5111_cbv6gd/data/ygainers_raw_20250424_0400.csv
📁 Saved Yahoo normalized data to /home/ubuntu/SP25_DS5111_cbv6gd/data/ygainers_norm_yahoo_20250424_040002.csv
📰 Running WSJ gainer scrape...
Downloading WSJ gainers data using Selenium...
✅ Saved WSJ data to /home/ubuntu/SP25_DS5111_cbv6gd/data/wsgainers_raw_20250424_0400.csv
📄 Saved WSJ normalized data to /home/ubuntu/SP25_DS5111_cbv6gd/data/wsgainers_norm_wsj_20250424_040022.csv
✅ Gainer data collected at 20250424_0400
🧠 Using Python: /home/ubuntu/SP25_DS5111_cbv6gd/env/bin/python
Package                    Version
-------------------------- -----------
agate                      1.7.0
annotated-types            0.7.0
asn1crypto                 1.5.1
attrs                      25.3.0
babel                      2.17.0
backports.tarfile          1.2.0
bcc                        0.1.10
beautifulsoup4             4.13.3
certifi                    2025.1.31
cffi                       1.17.1
charset-normalizer         3.4.1
click                      8.1.8
colorama                   0.4.6
cryptography               44.0.2
daff                       1.3.46
dbt-core                   1.5.2
dbt-extractor              0.4.1
dbt-snowflake              1.5.2
deepdiff                   7.0.1
filelock                   3.18.0
future                     1.0.0
h11                        0.14.0
hologram                   0.0.16
idna                       3.10
importlib-metadata         6.11.0
isodate                    0.6.1
jaraco.classes             3.4.0
jaraco.context             6.0.1
jaraco.functools           4.1.0
jeepney                    0.9.0
Jinja2                     3.1.2
jsonschema                 4.23.0
jsonschema-specifications  2024.10.1
keyring                    25.6.0
leather                    0.4.0
Logbook                    1.5.3
lxml                       5.3.2
MarkupSafe                 3.0.2
mashumaro                  3.6
minimal-snowplow-tracker   0.0.2
more-itertools             10.6.0
msgpack                    1.1.0
networkx                   2.8.8
numpy                      2.2.4
ordered-set                4.1.0
outcome                    1.3.0.post0
packaging                  24.2
parsedatetime              2.4
pathspec                   0.11.2
pip                        25.0.1
platformdirs               4.3.7
protobuf                   5.29.4
pycparser                  2.22
pydantic                   2.11.1
pydantic_core              2.33.0
PyJWT                      2.10.1
pyOpenSSL                  25.0.0
PySocks                    1.7.1
python-dateutil            2.8.2
python-slugify             8.0.4
pytimeparse                1.1.8
pytz                       2025.2
PyYAML                     6.0.2
referencing                0.36.2
requests                   2.32.3
rpds-py                    0.24.0
SecretStorage              3.3.3
selenium                   4.30.0
setuptools                 65.5.0
six                        1.17.0
sniffio                    1.3.1
snowflake-connector-python 3.14.0
snowplow-tracker           1.1.0
sortedcontainers           2.4.0
soupsieve                  2.6
sqlparse                   0.4.3
text-unidecode             1.3
tomlkit                    0.13.2
traitlets                  5.14.3
traittypes                 0.2.1
trio                       0.29.0
trio-websocket             0.12.2
typing_extensions          4.12.2
typing-inspection          0.4.0
urllib3                    2.3.0
websocket-client           1.8.0
Werkzeug                   2.3.8
wsproto                    1.2.0
zipp                       3.21.0
📈 Running Yahoo gainer scrape...
📡 Fetching Yahoo gainers from API...
✅ Yahoo gainer data saved to /home/ubuntu/SP25_DS5111_cbv6gd/data/ygainers_raw_20250424_0600.csv
📁 Saved Yahoo normalized data to /home/ubuntu/SP25_DS5111_cbv6gd/data/ygainers_norm_yahoo_20250424_060002.csv
📰 Running WSJ gainer scrape...
Downloading WSJ gainers data using Selenium...
✅ Saved WSJ data to /home/ubuntu/SP25_DS5111_cbv6gd/data/wsgainers_raw_20250424_0600.csv
📄 Saved WSJ normalized data to /home/ubuntu/SP25_DS5111_cbv6gd/data/wsgainers_norm_wsj_20250424_060022.csv
✅ Gainer data collected at 20250424_0600
🧠 Using Python: /home/ubuntu/SP25_DS5111_cbv6gd/env/bin/python
Package                    Version
-------------------------- -----------
agate                      1.7.0
annotated-types            0.7.0
asn1crypto                 1.5.1
attrs                      25.3.0
babel                      2.17.0
backports.tarfile          1.2.0
bcc                        0.1.10
beautifulsoup4             4.13.3
certifi                    2025.1.31
cffi                       1.17.1
charset-normalizer         3.4.1
click                      8.1.8
colorama                   0.4.6
cryptography               44.0.2
daff                       1.3.46
dbt-core                   1.5.2
dbt-extractor              0.4.1
dbt-snowflake              1.5.2
deepdiff                   7.0.1
filelock                   3.18.0
future                     1.0.0
h11                        0.14.0
hologram                   0.0.16
idna                       3.10
importlib-metadata         6.11.0
isodate                    0.6.1
jaraco.classes             3.4.0
jaraco.context             6.0.1
jaraco.functools           4.1.0
jeepney                    0.9.0
Jinja2                     3.1.2
jsonschema                 4.23.0
jsonschema-specifications  2024.10.1
keyring                    25.6.0
leather                    0.4.0
Logbook                    1.5.3
lxml                       5.3.2
MarkupSafe                 3.0.2
mashumaro                  3.6
minimal-snowplow-tracker   0.0.2
more-itertools             10.6.0
msgpack                    1.1.0
networkx                   2.8.8
numpy                      2.2.4
ordered-set                4.1.0
outcome                    1.3.0.post0
packaging                  24.2
parsedatetime              2.4
pathspec                   0.11.2
pip                        25.0.1
platformdirs               4.3.7
protobuf                   5.29.4
pycparser                  2.22
pydantic                   2.11.1
pydantic_core              2.33.0
PyJWT                      2.10.1
pyOpenSSL                  25.0.0
PySocks                    1.7.1
python-dateutil            2.8.2
python-slugify             8.0.4
pytimeparse                1.1.8
pytz                       2025.2
PyYAML                     6.0.2
referencing                0.36.2
requests                   2.32.3
rpds-py                    0.24.0
SecretStorage              3.3.3
selenium                   4.30.0
setuptools                 65.5.0
six                        1.17.0
sniffio                    1.3.1
snowflake-connector-python 3.14.0
snowplow-tracker           1.1.0
sortedcontainers           2.4.0
soupsieve                  2.6
sqlparse                   0.4.3
text-unidecode             1.3
tomlkit                    0.13.2
traitlets                  5.14.3
traittypes                 0.2.1
trio                       0.29.0
trio-websocket             0.12.2
typing_extensions          4.12.2
typing-inspection          0.4.0
urllib3                    2.3.0
websocket-client           1.8.0
Werkzeug                   2.3.8
wsproto                    1.2.0
zipp                       3.21.0
📈 Running Yahoo gainer scrape...
📡 Fetching Yahoo gainers from API...
✅ Yahoo gainer data saved to /home/ubuntu/SP25_DS5111_cbv6gd/data/ygainers_raw_20250424_0800.csv
📁 Saved Yahoo normalized data to /home/ubuntu/SP25_DS5111_cbv6gd/data/ygainers_norm_yahoo_20250424_080003.csv
📰 Running WSJ gainer scrape...
Downloading WSJ gainers data using Selenium...
✅ Saved WSJ data to /home/ubuntu/SP25_DS5111_cbv6gd/data/wsgainers_raw_20250424_0800.csv
📄 Saved WSJ normalized data to /home/ubuntu/SP25_DS5111_cbv6gd/data/wsgainers_norm_wsj_20250424_080024.csv
✅ Gainer data collected at 20250424_0800
🧠 Using Python: /home/ubuntu/SP25_DS5111_cbv6gd/env/bin/python
Package                    Version
-------------------------- -----------
agate                      1.7.0
annotated-types            0.7.0
asn1crypto                 1.5.1
attrs                      25.3.0
babel                      2.17.0
backports.tarfile          1.2.0
bcc                        0.1.10
beautifulsoup4             4.13.3
certifi                    2025.1.31
cffi                       1.17.1
charset-normalizer         3.4.1
click                      8.1.8
colorama                   0.4.6
cryptography               44.0.2
daff                       1.3.46
dbt-core                   1.5.2
dbt-extractor              0.4.1
dbt-snowflake              1.5.2
deepdiff                   7.0.1
filelock                   3.18.0
future                     1.0.0
h11                        0.14.0
hologram                   0.0.16
idna                       3.10
importlib-metadata         6.11.0
isodate                    0.6.1
jaraco.classes             3.4.0
jaraco.context             6.0.1
jaraco.functools           4.1.0
jeepney                    0.9.0
Jinja2                     3.1.2
jsonschema                 4.23.0
jsonschema-specifications  2024.10.1
keyring                    25.6.0
leather                    0.4.0
Logbook                    1.5.3
lxml                       5.3.2
MarkupSafe                 3.0.2
mashumaro                  3.6
minimal-snowplow-tracker   0.0.2
more-itertools             10.6.0
msgpack                    1.1.0
networkx                   2.8.8
numpy                      2.2.4
ordered-set                4.1.0
outcome                    1.3.0.post0
packaging                  24.2
parsedatetime              2.4
pathspec                   0.11.2
pip                        25.0.1
platformdirs               4.3.7
protobuf                   5.29.4
pycparser                  2.22
pydantic                   2.11.1
pydantic_core              2.33.0
PyJWT                      2.10.1
pyOpenSSL                  25.0.0
PySocks                    1.7.1
python-dateutil            2.8.2
python-slugify             8.0.4
pytimeparse                1.1.8
pytz                       2025.2
PyYAML                     6.0.2
referencing                0.36.2
requests                   2.32.3
rpds-py                    0.24.0
SecretStorage              3.3.3
selenium                   4.30.0
setuptools                 65.5.0
six                        1.17.0
sniffio                    1.3.1
snowflake-connector-python 3.14.0
snowplow-tracker           1.1.0
sortedcontainers           2.4.0
soupsieve                  2.6
sqlparse                   0.4.3
text-unidecode             1.3
tomlkit                    0.13.2
traitlets                  5.14.3
traittypes                 0.2.1
trio                       0.29.0
trio-websocket             0.12.2
typing_extensions          4.12.2
typing-inspection          0.4.0
urllib3                    2.3.0
websocket-client           1.8.0
Werkzeug                   2.3.8
wsproto                    1.2.0
zipp                       3.21.0
📈 Running Yahoo gainer scrape...
📡 Fetching Yahoo gainers from API...
✅ Yahoo gainer data saved to /home/ubuntu/SP25_DS5111_cbv6gd/data/ygainers_raw_20250424_1000.csv
📁 Saved Yahoo normalized data to /home/ubuntu/SP25_DS5111_cbv6gd/data/ygainers_norm_yahoo_20250424_100003.csv
📰 Running WSJ gainer scrape...
Downloading WSJ gainers data using Selenium...
✅ Saved WSJ data to /home/ubuntu/SP25_DS5111_cbv6gd/data/wsgainers_raw_20250424_1000.csv
📄 Saved WSJ normalized data to /home/ubuntu/SP25_DS5111_cbv6gd/data/wsgainers_norm_wsj_20250424_100023.csv
✅ Gainer data collected at 20250424_1000
🧠 Using Python: /home/ubuntu/SP25_DS5111_cbv6gd/env/bin/python
Package                    Version
-------------------------- -----------
agate                      1.7.0
annotated-types            0.7.0
asn1crypto                 1.5.1
attrs                      25.3.0
babel                      2.17.0
backports.tarfile          1.2.0
bcc                        0.1.10
beautifulsoup4             4.13.3
certifi                    2025.1.31
cffi                       1.17.1
charset-normalizer         3.4.1
click                      8.1.8
colorama                   0.4.6
cryptography               44.0.2
daff                       1.3.46
dbt-core                   1.5.2
dbt-extractor              0.4.1
dbt-snowflake              1.5.2
deepdiff                   7.0.1
filelock                   3.18.0
future                     1.0.0
h11                        0.14.0
hologram                   0.0.16
idna                       3.10
importlib-metadata         6.11.0
isodate                    0.6.1
jaraco.classes             3.4.0
jaraco.context             6.0.1
jaraco.functools           4.1.0
jeepney                    0.9.0
Jinja2                     3.1.2
jsonschema                 4.23.0
jsonschema-specifications  2024.10.1
keyring                    25.6.0
leather                    0.4.0
Logbook                    1.5.3
lxml                       5.3.2
MarkupSafe                 3.0.2
mashumaro                  3.6
minimal-snowplow-tracker   0.0.2
more-itertools             10.6.0
msgpack                    1.1.0
networkx                   2.8.8
numpy                      2.2.4
ordered-set                4.1.0
outcome                    1.3.0.post0
packaging                  24.2
parsedatetime              2.4
pathspec                   0.11.2
pip                        25.0.1
platformdirs               4.3.7
protobuf                   5.29.4
pycparser                  2.22
pydantic                   2.11.1
pydantic_core              2.33.0
PyJWT                      2.10.1
pyOpenSSL                  25.0.0
PySocks                    1.7.1
python-dateutil            2.8.2
python-slugify             8.0.4
pytimeparse                1.1.8
pytz                       2025.2
PyYAML                     6.0.2
referencing                0.36.2
requests                   2.32.3
rpds-py                    0.24.0
SecretStorage              3.3.3
selenium                   4.30.0
setuptools                 65.5.0
six                        1.17.0
sniffio                    1.3.1
snowflake-connector-python 3.14.0
snowplow-tracker           1.1.0
sortedcontainers           2.4.0
soupsieve                  2.6
sqlparse                   0.4.3
text-unidecode             1.3
tomlkit                    0.13.2
traitlets                  5.14.3
traittypes                 0.2.1
trio                       0.29.0
trio-websocket             0.12.2
typing_extensions          4.12.2
typing-inspection          0.4.0
urllib3                    2.3.0
websocket-client           1.8.0
Werkzeug                   2.3.8
wsproto                    1.2.0
zipp                       3.21.0
📈 Running Yahoo gainer scrape...
📡 Fetching Yahoo gainers from API...
✅ Yahoo gainer data saved to /home/ubuntu/SP25_DS5111_cbv6gd/data/ygainers_raw_20250424_1200.csv
📁 Saved Yahoo normalized data to /home/ubuntu/SP25_DS5111_cbv6gd/data/ygainers_norm_yahoo_20250424_120002.csv
📰 Running WSJ gainer scrape...
Downloading WSJ gainers data using Selenium...
✅ Saved WSJ data to /home/ubuntu/SP25_DS5111_cbv6gd/data/wsgainers_raw_20250424_1200.csv
📄 Saved WSJ normalized data to /home/ubuntu/SP25_DS5111_cbv6gd/data/wsgainers_norm_wsj_20250424_120023.csv
✅ Gainer data collected at 20250424_1200
🧠 Using Python: /home/ubuntu/SP25_DS5111_cbv6gd/env/bin/python
Package                    Version
-------------------------- -----------
agate                      1.7.0
annotated-types            0.7.0
asn1crypto                 1.5.1
attrs                      25.3.0
babel                      2.17.0
backports.tarfile          1.2.0
bcc                        0.1.10
beautifulsoup4             4.13.3
certifi                    2025.1.31
cffi                       1.17.1
charset-normalizer         3.4.1
click                      8.1.8
colorama                   0.4.6
cryptography               44.0.2
daff                       1.3.46
dbt-core                   1.5.2
dbt-extractor              0.4.1
dbt-snowflake              1.5.2
deepdiff                   7.0.1
filelock                   3.18.0
future                     1.0.0
h11                        0.14.0
hologram                   0.0.16
idna                       3.10
importlib-metadata         6.11.0
isodate                    0.6.1
jaraco.classes             3.4.0
jaraco.context             6.0.1
jaraco.functools           4.1.0
jeepney                    0.9.0
Jinja2                     3.1.2
jsonschema                 4.23.0
jsonschema-specifications  2024.10.1
keyring                    25.6.0
leather                    0.4.0
Logbook                    1.5.3
lxml                       5.3.2
MarkupSafe                 3.0.2
mashumaro                  3.6
minimal-snowplow-tracker   0.0.2
more-itertools             10.6.0
msgpack                    1.1.0
networkx                   2.8.8
numpy                      2.2.4
ordered-set                4.1.0
outcome                    1.3.0.post0
packaging                  24.2
parsedatetime              2.4
pathspec                   0.11.2
pip                        25.0.1
platformdirs               4.3.7
protobuf                   5.29.4
pycparser                  2.22
pydantic                   2.11.1
pydantic_core              2.33.0
PyJWT                      2.10.1
pyOpenSSL                  25.0.0
PySocks                    1.7.1
python-dateutil            2.8.2
python-slugify             8.0.4
pytimeparse                1.1.8
pytz                       2025.2
PyYAML                     6.0.2
referencing                0.36.2
requests                   2.32.3
rpds-py                    0.24.0
SecretStorage              3.3.3
selenium                   4.30.0
setuptools                 65.5.0
six                        1.17.0
sniffio                    1.3.1
snowflake-connector-python 3.14.0
snowplow-tracker           1.1.0
sortedcontainers           2.4.0
soupsieve                  2.6
sqlparse                   0.4.3
text-unidecode             1.3
tomlkit                    0.13.2
traitlets                  5.14.3
traittypes                 0.2.1
trio                       0.29.0
trio-websocket             0.12.2
typing_extensions          4.12.2
typing-inspection          0.4.0
urllib3                    2.3.0
websocket-client           1.8.0
Werkzeug                   2.3.8
wsproto                    1.2.0
zipp                       3.21.0
📈 Running Yahoo gainer scrape...
📡 Fetching Yahoo gainers from API...
✅ Yahoo gainer data saved to /home/ubuntu/SP25_DS5111_cbv6gd/data/ygainers_raw_20250424_1400.csv
📁 Saved Yahoo normalized data to /home/ubuntu/SP25_DS5111_cbv6gd/data/ygainers_norm_yahoo_20250424_140003.csv
📰 Running WSJ gainer scrape...
Downloading WSJ gainers data using Selenium...
✅ Saved WSJ data to /home/ubuntu/SP25_DS5111_cbv6gd/data/wsgainers_raw_20250424_1400.csv
📄 Saved WSJ normalized data to /home/ubuntu/SP25_DS5111_cbv6gd/data/wsgainers_norm_wsj_20250424_140021.csv
✅ Gainer data collected at 20250424_1400
🧠 Using Python: /home/ubuntu/SP25_DS5111_cbv6gd/env/bin/python
Package                    Version
-------------------------- -----------
agate                      1.7.0
annotated-types            0.7.0
asn1crypto                 1.5.1
attrs                      25.3.0
babel                      2.17.0
backports.tarfile          1.2.0
bcc                        0.1.10
beautifulsoup4             4.13.3
certifi                    2025.1.31
cffi                       1.17.1
charset-normalizer         3.4.1
click                      8.1.8
colorama                   0.4.6
cryptography               44.0.2
daff                       1.3.46
dbt-core                   1.5.2
dbt-extractor              0.4.1
dbt-snowflake              1.5.2
deepdiff                   7.0.1
filelock                   3.18.0
future                     1.0.0
h11                        0.14.0
hologram                   0.0.16
idna                       3.10
importlib-metadata         6.11.0
isodate                    0.6.1
jaraco.classes             3.4.0
jaraco.context             6.0.1
jaraco.functools           4.1.0
jeepney                    0.9.0
Jinja2                     3.1.2
jsonschema                 4.23.0
jsonschema-specifications  2024.10.1
keyring                    25.6.0
leather                    0.4.0
Logbook                    1.5.3
lxml                       5.3.2
MarkupSafe                 3.0.2
mashumaro                  3.6
minimal-snowplow-tracker   0.0.2
more-itertools             10.6.0
msgpack                    1.1.0
networkx                   2.8.8
numpy                      2.2.4
ordered-set                4.1.0
outcome                    1.3.0.post0
packaging                  24.2
parsedatetime              2.4
pathspec                   0.11.2
pip                        25.0.1
platformdirs               4.3.7
protobuf                   5.29.4
pycparser                  2.22
pydantic                   2.11.1
pydantic_core              2.33.0
PyJWT                      2.10.1
pyOpenSSL                  25.0.0
PySocks                    1.7.1
python-dateutil            2.8.2
python-slugify             8.0.4
pytimeparse                1.1.8
pytz                       2025.2
PyYAML                     6.0.2
referencing                0.36.2
requests                   2.32.3
rpds-py                    0.24.0
SecretStorage              3.3.3
selenium                   4.30.0
setuptools                 65.5.0
six                        1.17.0
sniffio                    1.3.1
snowflake-connector-python 3.14.0
snowplow-tracker           1.1.0
sortedcontainers           2.4.0
soupsieve                  2.6
sqlparse                   0.4.3
text-unidecode             1.3
tomlkit                    0.13.2
traitlets                  5.14.3
traittypes                 0.2.1
trio                       0.29.0
trio-websocket             0.12.2
typing_extensions          4.12.2
typing-inspection          0.4.0
urllib3                    2.3.0
websocket-client           1.8.0
Werkzeug                   2.3.8
wsproto                    1.2.0
zipp                       3.21.0
📈 Running Yahoo gainer scrape...
📡 Fetching Yahoo gainers from API...
✅ Yahoo gainer data saved to /home/ubuntu/SP25_DS5111_cbv6gd/data/ygainers_raw_20250424_1600.csv
📁 Saved Yahoo normalized data to /home/ubuntu/SP25_DS5111_cbv6gd/data/ygainers_norm_yahoo_20250424_160002.csv
📰 Running WSJ gainer scrape...
Downloading WSJ gainers data using Selenium...
✅ Saved WSJ data to /home/ubuntu/SP25_DS5111_cbv6gd/data/wsgainers_raw_20250424_1600.csv
📄 Saved WSJ normalized data to /home/ubuntu/SP25_DS5111_cbv6gd/data/wsgainers_norm_wsj_20250424_160023.csv
✅ Gainer data collected at 20250424_1600
🧠 Using Python: /home/ubuntu/SP25_DS5111_cbv6gd/env/bin/python
Package                    Version
-------------------------- -----------
agate                      1.7.0
annotated-types            0.7.0
asn1crypto                 1.5.1
attrs                      25.3.0
babel                      2.17.0
backports.tarfile          1.2.0
bcc                        0.1.10
beautifulsoup4             4.13.3
certifi                    2025.1.31
cffi                       1.17.1
charset-normalizer         3.4.1
click                      8.1.8
colorama                   0.4.6
cryptography               44.0.2
daff                       1.3.46
dbt-core                   1.5.2
dbt-extractor              0.4.1
dbt-snowflake              1.5.2
deepdiff                   7.0.1
filelock                   3.18.0
future                     1.0.0
h11                        0.14.0
hologram                   0.0.16
idna                       3.10
importlib-metadata         6.11.0
isodate                    0.6.1
jaraco.classes             3.4.0
jaraco.context             6.0.1
jaraco.functools           4.1.0
jeepney                    0.9.0
Jinja2                     3.1.2
jsonschema                 4.23.0
jsonschema-specifications  2024.10.1
keyring                    25.6.0
leather                    0.4.0
Logbook                    1.5.3
lxml                       5.3.2
MarkupSafe                 3.0.2
mashumaro                  3.6
minimal-snowplow-tracker   0.0.2
more-itertools             10.6.0
msgpack                    1.1.0
networkx                   2.8.8
numpy                      2.2.4
ordered-set                4.1.0
outcome                    1.3.0.post0
packaging                  24.2
parsedatetime              2.4
pathspec                   0.11.2
pip                        25.0.1
platformdirs               4.3.7
protobuf                   5.29.4
pycparser                  2.22
pydantic                   2.11.1
pydantic_core              2.33.0
PyJWT                      2.10.1
pyOpenSSL                  25.0.0
PySocks                    1.7.1
python-dateutil            2.8.2
python-slugify             8.0.4
pytimeparse                1.1.8
pytz                       2025.2
PyYAML                     6.0.2
referencing                0.36.2
requests                   2.32.3
rpds-py                    0.24.0
SecretStorage              3.3.3
selenium                   4.30.0
setuptools                 65.5.0
six                        1.17.0
sniffio                    1.3.1
snowflake-connector-python 3.14.0
snowplow-tracker           1.1.0
sortedcontainers           2.4.0
soupsieve                  2.6
sqlparse                   0.4.3
text-unidecode             1.3
tomlkit                    0.13.2
traitlets                  5.14.3
traittypes                 0.2.1
trio                       0.29.0
trio-websocket             0.12.2
typing_extensions          4.12.2
typing-inspection          0.4.0
urllib3                    2.3.0
websocket-client           1.8.0
Werkzeug                   2.3.8
wsproto                    1.2.0
zipp                       3.21.0
📈 Running Yahoo gainer scrape...
📡 Fetching Yahoo gainers from API...
✅ Yahoo gainer data saved to /home/ubuntu/SP25_DS5111_cbv6gd/data/ygainers_raw_20250424_1800.csv
📁 Saved Yahoo normalized data to /home/ubuntu/SP25_DS5111_cbv6gd/data/ygainers_norm_yahoo_20250424_180002.csv
📰 Running WSJ gainer scrape...
Downloading WSJ gainers data using Selenium...
✅ Saved WSJ data to /home/ubuntu/SP25_DS5111_cbv6gd/data/wsgainers_raw_20250424_1800.csv
📄 Saved WSJ normalized data to /home/ubuntu/SP25_DS5111_cbv6gd/data/wsgainers_norm_wsj_20250424_180024.csv
✅ Gainer data collected at 20250424_1800
